date,unit_id,heat_rate,raw_coal_consumption_g,avg_generation_mw,main_steam_temp_c,reheat_steam_temp_c,scr_temp_c,condenser_vacuum,scr_inlet_nox,scr_inlet_co,condenser_outlet_water_temp,burner_angle,overfire_air_fcp,overfire_air_fcs,overfire_air_fct,overfire_air_fcf,coal_avg_heat_value_kcal_kg,unburned_carbon_pct,heat_rate_valid,data_quality_note
2026-01-01,U1,8423.253614815063,328.0119270972929,622.2223859626009,526.1359005975662,525.7005266685339,381.86102083916853,8,94.85985976449965,873.5271200358334,41.50434875488281,-30,0.6000000238418579,0.6000000238418579,0.6000000238418579,0.6000000238418579,6137.599777845871,1.9838524052883637,true,
2026-01-02,U1,8581.22178806699,334.11854352385944,648.4561915873262,530.0625582217559,529.5583452329746,388.63259016322723,8,93.81024752139434,961.2507340044126,41.46430969238281,-30,0.6000000238418579,0.6000000238418579,0.6000000238418579,0.6000000238418579,6138.423832411688,2.0268313819761845,true,
2026-01-03,U1,8917.09044087623,347.2203628087556,620.57330728126,532.4974444165883,531.9105880287942,384.56415275544424,8,97.1434004779967,813.8958899758079,41.4375,-30,0.6000000238418579,0.6000000238418579,0.6000000238418579,0.6000000238418579,6137.991872906475,1.7443164380197407,true,
2026-01-04,U1,9079.890895852292,346.5523276163808,599.8174846678438,529.5595480397477,528.8969706243498,381.1500143717865,7.579961776733398,105.39766764427117,1671.5787120775133,40.46875,-30,0.6000000238418579,0.6000000238418579,0.6000000238418579,0.6000000238418579,6262.1019530855465,1.7585500761751287,true,
2026-01-05,U1,8958.518210630435,349.01862206526715,647.8125536984495,530.6222779570712,529.9203315373419,389.3486964266065,8.432706832885742,96.59572929548393,2361.1851184761936,42.602542877197266,-30,0.6000000238418579,0.6000000238418579,0.6000000238418579,0.6000000238418579,6134.736384450079,2.220903900284455,true,
2026-01-06,U1,9012.037260209425,344.06699934554973,648.0641142315877,535.7040633471461,534.9809442146487,391.03498615650756,7.756501197814941,99.47888951417579,2005.267592406914,40.95985412597656,-30,0.6000000238418579,0.6000000238418579,0.6000000238418579,0.6000000238418579,6260.201075876007,2.319980825629575,true,
2026-01-07,U1,8999.417128214776,343.6150284667234,646.9640693371863,533.1030381284511,532.4210364504141,389.90737422694014,7.7109375,106.25433043847468,1214.42838584812,40.8125,-30,0.6000000238418579,0.6000000238418579,0.6000000238418579,0.6000000238418579,6259.657283142389,2.422272845645635,true,
2026-01-08,U1,8707.335479274272,340.9978751225891,648.522872183329,535.9876841057888,535.284736037407,387.6550169100987,7.5793776512146,129.81354904663243,1238.6405901695184,40.5,-30,0.6000000238418579,0.6000000238418579,0.6000000238418579,0.6000000238418579,6102.979748109624,2.1237527162112038,true,
2026-01-09,U1,8582.525972506395,333.0484785887599,648.4672957710598,531.8857867330046,531.2991803470861,381.05007536005274,7.489204406738281,137.65497882173858,926.536697436539,40.28569412231445,-30,0.6000000238418579,0.6000000238418579,0.6000000238418579,0.6000000238418579,6159.082145252497,1.9194873283434126,true,
2026-01-10,U1,8575.94214195192,332.89170695061404,647.8492174855888,528.6818242775188,528.3532796901259,376.8783769009208,7.4176716804504395,121.1646430275657,612.0845597348964,40.09375,-30,0.800000011920929,0.800000011920929,0.800000011920929,0.800000011920929,6157.2557138389275,2.177939764248579,true,
2026-01-11,U1,8633.314779355454,335.56468481883286,607.1743233527064,517.721855056118,517.7125739611675,367.77995876649277,7.38671875,121.12661239096511,323.2868977936221,40.02231216430664,-30,1.399999976158142,1.399999976158142,1.399999976158142,1.399999976158142,6149.073032706238,2.007116982440243,true,
2026-01-12,U1,8648.465462381982,335.9211087070548,647.3617585711467,529.6471762370209,529.3613282813,374.15134444584766,7.41015625,113.11389724790058,1359.6120447312671,39.875,-30,1,1,1,1,6153.328268812023,1.6436802108230244,true,
2026-01-13,U1,8548.691970970282,332.3021222856393,643.0367098366818,521.6897874116593,521.5397861690741,371.9334655839869,7.4375,120.37725493056216,595.2494170742059,39.99557876586914,-30,1,1,1,1,6148.580705661704,2.08168631312852,true,
2026-01-14,U1,8824.95054077654,333.6111566186107,647.3286412231757,531.8514703611405,531.5816819976143,372.8771043452655,7.393131256103516,108.188584018761,781.4448043198042,40.00432205200195,-30,1.5,1.5,1.5,1.5,6322.371894738781,1.6619383752898973,true,
2026-01-15,U1,8692.383755781153,328.5570627568434,591.6348347773637,519.0568919163508,519.0530390818813,361.56976791166926,7.4375,107.08119088342644,1052.360261680222,40.120452880859375,-30,1,1,1,1,6323.19257090237,1.3200724911485797,true,
2026-01-16,U1,8742.698604752417,330.4230315105896,572.269445551021,511.7681778090864,512.0279478495619,356.1217223495894,6.813653469085693,97.87026875944052,1388.208735799362,38.34375,-29.8941330415186,1,1,1,1,6323.878533242138,3.435780156032613,true,
2026-01-17,U1,8783.612797006565,331.96491008991006,598.5741030017433,513.991377240717,514.2193341322348,361.19441041445765,7.143189430236816,98.22617523740409,1003.8301610519272,39.34375,-27.23227724864144,1.2999999523162842,1.2999999523162842,1.2999999523162842,1.2999999523162842,6323.963101787477,5.879085842619977,true,
2026-01-18,U1,8794.703540751254,332.39872087879684,565.532546645845,513.860322217172,514.1630189629432,354.01581775699475,7.3069047927856445,103.67097282653887,493.25217463142894,39.62943649291992,-28.135885199572456,1.5,1.5,1.5,1.5,6323.684364105159,5.048882398308737,true,
2026-01-19,U1,8802.502983790975,332.7592294554293,645.245085811371,529.1239583385434,529.0456220990717,369.52471146235547,7.70444393157959,104.3999296571778,826.1843079433856,40.625,-25.185657757650418,1.5,1.5,1.5,1.5,6322.435320390626,2.6540559516446263,true,
2026-01-20,U1,8831.859704229035,333.865775540885,648.4320960471697,526.3722995264735,526.2996467463338,372.88025664306326,7.73922872543335,116.53707602448408,336.07394868310985,40.808109283447266,-30,0.800000011920929,0.800000011920929,0.800000011920929,0.800000011920929,6322.4962985622515,1.381076117117141,true,
2026-01-21,U1,8912.035395777544,337.90452942329046,648.3146645626449,527.5493285976512,527.4839106326524,374.86483854520947,7.5690531730651855,127.04254242216885,168.3587453063105,40.375,-30,0.8999999761581421,0.8999999761581421,0.8999999761581421,0.8999999761581421,6303.637254842743,2.153111838823304,true,
2026-01-22,U1,8669.242630769104,334.33930212710084,646.232862389606,526.532923458784,526.506778893104,372.66627212915665,7.417726516723633,115.2897449982472,507.175389666435,40.15625,-30,1.2000000476837158,1.2000000476837158,1.2000000476837158,1.2000000476837158,6197.293299174669,1.2004843499191815,true,
2026-01-23,U1,8800.247492869978,339.40705651747794,648.4583172029851,526.7317797945343,526.7602281948974,371.119599873522,7.393256664276123,110.47991422684947,2095.634774651326,39.99103927612305,-30,1.2000000476837158,1.2000000476837158,1.2000000476837158,1.2000000476837158,6197.012082801934,2.9157992549973097,true,
2026-01-24,U1,9095.761105612344,343.625090098945,648.4214041239161,528.4832915282891,528.3671491283461,379.2727166834012,7.400728702545166,118.81354636999465,989.8288768909957,39.96875,-30,0.800000011920929,0.800000011920929,0.800000011920929,0.800000011920929,6326.485292890769,2.4328435007758795,true,
2026-01-25,U1,8940.357443356428,337.76495404033477,606.9294952626728,526.9746747865566,526.7810163705511,378.70127007048507,7.32421875,119.67036849252699,428.00775631991297,39.84375,-30,0.800000011920929,0.800000011920929,0.800000011920929,0.800000011920929,6326.283075028877,1.6005174095721986,true,
2026-01-26,U1,9031.628466019098,346.88631873559433,645.8842465139716,528.9180239239056,528.7761288299756,382.808447453185,7.278738021850586,112.792558579683,1322.0567228192708,39.69203186035156,-30,0.800000011920929,0.800000011920929,0.800000011920929,0.800000011920929,6222.819677382993,1.5631593313620276,true,
2026-01-27,U1,9030.249364611216,346.72667624208395,648.474961927175,525.96455029672,525.8759652307489,380.7882294209147,7.32421875,115.39201818019266,930.113801582522,39.87054443359375,-30,0.8999999761581421,0.8999999761581421,0.8999999761581421,0.8999999761581421,6224.734192037471,1.561058035454314,true,
2026-01-28,U1,8916.51444015087,342.33661146746954,648.5036583629716,527.6937177709367,527.6936272732274,379.8164084382002,7.32421875,104.5412593455687,745.8172830149398,39.84811019897461,-28.74977606847863,0.699999988079071,0.699999988079071,0.699999988079071,0.699999988079071,6225.153916243943,1.7802904859814457,true,
2026-01-29,U1,8969.75423663985,344.35096153846155,648.3830795092961,532.962883973733,532.8258592654497,380.97539962377306,7.32421875,105.66985323001177,558.4697781880697,39.901817321777344,-28.667138747679882,1.5,1.5,1.5,1.5,6225.691093540383,1.9104146001328015,true,
2026-01-30,U1,8955.774591666122,343.99672125799293,648.0584920507563,532.1661297240117,532.0616981809179,380.3887138806293,7.28515625,107.023356956648,562.3933636888804,39.90625,-30,1.5,1.5,1.5,1.5,6222.389245852277,1.6627066244608724,true,
2026-01-31,U1,8761.753249060643,336.35970071227865,648.3500402113971,523.1564764005732,523.1335436714749,380.84100017474344,7.313449382781982,119.17277872669254,1374.6462724907908,39.84375,-30,1.399999976158142,1.399999976158142,1.399999976158142,1.399999976158142,6225.803152737472,2.7263942092560125,true,
2026-02-01,U1,8724.843139498325,355.6083828856537,607.4065678589179,517.8280759065048,517.8706816846452,372.3679175803728,7.375853061676025,108.15661348894125,789.251158243555,39.90625,-25.845865152071198,1,1,1,1,5864,2.2056955535888623,true,
2026-02-02,U1,9315.78973300046,364.3157479797648,647.1432138428358,522.8876299065397,522.9646436296156,376.7578763059338,7.482623100280762,110.63857418557872,2398.8361557475137,40.28125,-27.984947282639915,1.5,1.5,1.5,1.5,6111.531535999278,1.4241252430901294,true,
2026-02-03,U1,9286.667594024446,359.5613776379604,648.1229226973355,524.0991434941207,524.0813764098965,379.8148924688549,7.417705535888672,107.31098461882843,1725.065612129543,40.125,-30,0.600000023841857,0.6000000238418579,0.6000000238418579,0.6000000238418579,6172.984537873524,1.3537244869187377,true,
2026-02-04,U1,9354.535433150364,358.3529373325492,647.8473572401745,526.771233756219,526.4878636821152,384.58849367888075,7.38671875,110.17777807328402,3652.794713949608,39.94211196899414,-30,1.2999999523162842,1.2999999523162842,1.2999999523162842,1.2999999523162842,6239.066000319118,3.557895030714199,true,
2026-02-05,U1,9007.120198399216,352.7482848742241,647.7256902904462,528.2606485274137,528.1222064318255,380.259381501571,7.19921875,105.85553728771941,1952.0560312295509,39.46875,-30,0.6000000238418579,0.6000000238418579,0.6000000238418579,0.6000000238418579,6102.803290075364,1.1140602258809171,true,
2026-02-06,U1,9009.263046267877,355.7802194214066,648.4210084881014,527.6505873892313,527.7429777569783,375.3971469030356,7.268235683441162,100.21270408532808,1936.0108020714176,39.75447082519531,-30,0.6000000238418579,0.6000000238418579,0.6000000238418579,0.6000000238418579,6052.2351409331295,1.2762956806399104,true,
2026-02-07,U1,8974.158265846798,354.5802806306012,648.4353091344809,525.1171709143597,525.1930776922904,373.28348605651075,7.341109275817871,97.6537989350536,1457.3750048391043,39.9329833984375,-29.773290968307144,1,1,1,1,6049.0541062523425,1.5591171417057188,true,
2026-02-08,U1,9499.529628972788,387.57973232062534,578.4995846955673,515.2176211227846,515.4355637338156,361.26054214516563,7.5,86.82412909973613,289.4631025504578,40.25442886352539,-27.861850189735822,1.5,1.5,1.5,1.5,5858,1.1320657965570313,true,
2026-02-09,U1,9023.256508750083,356.5637903912958,648.3308068004716,526.6854411952027,526.7625113484804,375.1137630921191,7.216656684875488,105.11742344536745,635.0208234957722,39.5,-30,1.5,1.5,1.5,1.5,6048.314838324248,0.8109140723639651,true,
2026-02-10,U1,8859.701837500817,350.2385121424363,646.1021621587026,529.3580678954454,529.398349693669,374.97702358079994,7.32421875,104.21269918768607,1027.9435343437488,39.71875,-30,1.2000000476837158,1.2000000476837158,1.2000000476837158,1.2000000476837158,6045.935801517355,1.3137468407892392,true,
2026-02-11,U1,8920.796206493336,352.4729716488111,648.3447594215803,530.085053114635,530.1661897547104,373.9426957542634,7.375731945037842,99.83316231261739,2052.9542628529734,39.9375,-30,1.2999999523162842,1.2000000476837158,1.2999999523162842,1.2000000476837158,6049.035346719873,1.3227318104475283,true,
2026-02-12,U1,8988.303396313968,355.3219560813019,647.903220564508,527.7817894820972,527.8219137752758,374.4822768969914,7.35837984085083,94.35969613702096,2634.0174939089725,39.90625,-30,1.2000000476837158,1.2000000476837158,1.2000000476837158,1.2000000476837158,6045.94237169281,1.554367349224863,true,
2026-02-13,U1,9119.654300253182,360.09644213471915,642.5239059565317,528.4449276893606,528.4752543470161,373.2570912926511,7.4375,97.93467981042997,2252.1332730770723,40.214351654052734,-30,1.2000000476837158,1.2000000476837158,1.2000000476837158,1.2000000476837158,6052.960913558832,0,true,
2026-02-14,U1,8985.261164632111,355.0755453271963,615.8898326746948,526.6604358253577,526.6645667034646,370.96151409490636,7.34765625,100.62472898088149,1452.9056870589782,39.875,-30,1,1,1,1,6048.090293188677,0,true,
2026-02-15,U1,9029.019536550044,356.89172193002514,574.670859334414,522.6768090523723,522.7773131543718,363.68347164066245,6.63671875,98.76845401266347,1395.2120776017914,37.90191650390625,-30,1.2000000476837158,1.2000000476837158,1.2000000476837158,1.2000000476837158,6046.616742087488,0,true,
2026-02-16,U1,8916.321162876211,352.16788097507833,639.4138025152104,529.7357437641115,529.7467378972436,374.78131134735656,7.3412909507751465,93.31041836555657,1412.6477214003462,39.9107551574707,-30,1.399999976158142,1.399999976158142,1.399999976158142,1.399999976158142,6051.238679895107,0,true,
2026-02-17,U1,9182.95914592107,359.82500679255537,640.5618632675132,514.735654240679,515.0068833919437,373.35247381263986,7.614131450653076,90.10694621834914,1087.0757331945706,40.54031753540039,-25.158369700926954,1.5,1.5,1.5,1.5,6099.575819249034,0,true,
2026-02-18,U1,9127.075486004522,357.52278333561736,640.2601525972566,519.6856831894506,519.9409137540462,374.0726655535686,7.6875,90.70123494921438,838.8208825387004,40.80790710449219,-25.372347478061688,1.5,1.5,1.5,1.5,6101.494777379826,0,true,
2026-02-19,U1,9108.600503281788,356.7504295532646,636.2182914558274,517.7932154272523,517.9399623236693,375.0148753680841,7.7734375,89.52766607728455,1058.1894890865706,40.89760208129883,-21.234539107593427,1.5,1.5,1.5,1.5,6102.326971818691,0,true,
2026-02-20,U1,9207.934769871106,360.7826765574651,632.2549090373242,513.5372406942461,513.7686942410286,374.46902087277465,7.73289680480957,89.18329400845501,1300.989832436642,40.77669143676758,-20.775226361306427,1.5,1.5,1.5,1.5,6099.9304317488,0,true,
2026-02-21,U1,9310.36536578553,364.67630126720263,617.4423705586387,516.692835307792,516.8766533346737,375.31841650765267,7.5793681144714355,92.45668005394509,611.225043187056,40.52665710449219,-27.01842089992045,1.5,1.5,1.5,1.5,6101.934017175851,0,true,
2026-02-22,U1,9103.803430038206,356.1984070132351,608.9796255750729,514.8406142603101,515.1161908396065,372.0223580675052,7.6875,93.9038486822182,624.3224393156788,40.59818649291992,-26.042252377171042,1.2999999523162842,1.2999999523162842,1.2999999523162842,1.2999999523162842,6108.565332152241,1.5958948924035872,true,
2026-02-23,U1,9173.689154904669,356.0411473421815,626.9836820714614,512.2431317887953,512.4134359140226,374.2060773610459,7.607678413391113,92.94486354623,726.4663642434513,40.5,-19.81919548151743,1.5,1.5,1.5,1.5,6158.176789209454,1.4300846037134038,true,
2026-02-24,U1,9132.371302354828,354.49231937879813,623.1193016422984,514.6610187813449,514.7985219735929,374.42425185884053,7.330604076385498,89.41977064322937,725.0831494343555,39.99551773071289,-20.91100865678714,1.5,1.5,1.5,1.5,6157.225436158118,1.3957209348382864,true,
2026-02-25,U1,9279.506788916482,360.1087911345361,625.7665825963326,503.78906523175255,504.13599225993045,373.8642096165806,7.01171875,87.3508442344568,1398.1530373809892,39.098270416259766,-18.949786283780853,1.5,1.5,1.5,1.5,6158.848119458648,1.4243163604605633,true,
2026-02-26,U1,9242.181462024675,355.2095974919094,624.4125535579593,512.7914341685107,512.5697298952381,368.3962382831232,7.341162204742432,93.52124892720177,3404.827879922774,39.90182113647461,-5.733410952950988,1.5,1.5,1.5,1.5,6218.678772888233,1.6592076315338735,true,
2026-02-27,U1,0,359.0044799013665,93.62617541487565,240.15324064288907,249.37693940769987,197.4599455421233,7.446415424346924,23.708645502929492,335.4451386337085,40.25456237792969,-0.13008581402966435,1.2999999523162842,1.2999999523162842,1.2999999523162842,1.2999999523162842,0,,false,zero_or_negative_heat_rate
2026-02-28,U1,0,0,-0.163705173355844,108.58512392556271,143.03412323778548,133.555933705986,100.96685028076172,2.5075629955193963,-707.4592769749634,34.63422775268555,-3.5481705666792728e-15,1.2999999523162842,1.2999999523162842,1.2999999523162842,1.2999999523162842,0,,false,zero_or_negative_heat_rate
2026-03-01,U1,12101.405598043479,459.9728260869565,88.58845776349992,323.7074781842244,336.96637146308296,232.70255514666857,101.07421875,56.30510845410225,55.58437799614713,31.40625,-19.038869491928374,1.2999999523162842,1.2999999523162842,1.2999999523162842,1.2999999523162842,6287.991788267265,,true,
2026-03-02,U1,9602.721213356517,369.26386080844316,589.6382960248786,511.22409248839864,511.63164428554836,368.3736366213435,6.7733893394470215,77.8109109346824,310.4697394602744,38.1040153503418,-22.50410876310695,1,1,1,1,6215.353561808914,2.1940441608287014,true,
2026-03-03,U1,9698.88288701108,382.00909772422165,621.725979856213,525.3440435463206,525.5060551245804,377.2652395887448,7.75,85.78803165367498,664.5202044708955,40.959686279296875,-26.9186399879358,1.5,1.5,1.5,1.5,6068.150360640288,1.5813225001282383,true,
2026-03-04,U1,9810.040787886757,386.18899483356904,648.4208210118286,528.3126144214054,528.2844167255685,381.9610501262538,8.204495429992676,101.51293205788069,1554.0520921302268,41.90625,-30,0.800000011920929,0.800000011920929,0.800000011920929,0.800000011920929,6071.265756964055,1.095586339299652,true,
2026-03-05,U1,9896.43315150343,389.5390654388631,648.5052645554018,528.077264576007,528.0782176454354,380.12413540032816,8.316758155822754,103.36960694491101,1398.2328664482097,42.214195251464844,-30,0.6000000238418579,0.6000000238418579,0.6000000238418579,0.6000000238418579,6072.059262778919,1.3611916099787609,true,
2026-03-06,U1,9845.56370400594,394.59626232094257,644.5362201505305,526.4211884715673,526.4335605787194,379.4042313519646,8.1875,103.99374040374366,1944.456793363137,41.875,-30,0.6000000238418579,0.6000000238418579,0.6000000238418579,0.6000000238418579,5963.427496564375,2.0781164102226173,true,
2026-03-07,U1,9667.636400562134,387.4664134529674,606.4916656572191,523.3316605902083,523.4117821890985,374.83215476423885,8.0859375,114.45888110499858,183.8543340287855,41.6607551574707,-30,0.6000000238418579,0.6000000238418579,0.6000000238418579,0.6000000238418579,5963.4086320829865,1.0694765696373554,true,
2026-03-08,U1,9739.10159467153,390.246192709451,608.0949604005156,527.221240265595,527.244912071911,375.3786399821796,7.625,106.73829847955338,965.0807996686463,40.62056350708008,-30,1,1,1,1,5964.699180773394,1.2161546358338937,true,
2026-03-09,U1,10569.155816878196,413.85088043058715,581.687284301976,510.2693989941531,510.54742572130755,370.40830498034387,8.125,87.64104376729492,1751.4012066775272,41.870704650878906,-10.580584449841238,0.6000000238418579,0.6000000238418579,0.6000000238418579,0.6000000238418579,6103.862492060997,,true,
2026-03-10,U1,9531.60328016672,382.25057007448237,628.4930807050232,516.3775804914782,516.7003868083515,372.0544008611108,7.9375,83.92953554626621,1455.7245437739145,41.09375,7.5704340430171895,1.5,1.5,1.5,1.5,5959.723900750643,1.2317346447442254,true,
2026-03-11,U1,9415.97252712601,377.422304498748,627.3562195136419,514.728865055172,515.0576441537999,371.77170330545175,7.857420444488525,82.98673205363477,1454.2801633186048,41.09375,6.703059521096442,1.5,1.5,1.5,1.5,5962.740989265696,1.8453431255688242,true,
2026-03-12,U1,9729.26386241833,390.0298914063461,625.7016682734575,510.82699069830466,511.18450810659266,371.3041893844409,8,80.41996253908748,1172.8419009157458,41.375,7.16498429756945,1.5,1.5,1.5,1.5,5961.978614332074,1.1217366914785178,true,
2026-03-13,U1,9607.54978153868,385.0825071321902,621.0926501964365,509.5591485299113,509.9468529742697,373.0877287491508,7.784147262573242,86.63856562933958,567.4815993540732,40.9375,-17.8230791000454,1.5,1.5,1.5,1.5,5963.032507284685,1.049951173518434,true,
2026-03-14,U1,9522.62361075021,375.10404239054003,601.8825439297025,523.1488615070158,523.4211956521739,374.308043653093,7.9375,89.16384219391571,530.8173711245017,41.18317413330078,-30,1.5,1.5,1.5,1.5,6067.547690354308,0.9863061307742554,true,
2026-03-15,U1,9678.348903795575,381.0669470189587,601.6163117781929,523.6868890630619,523.7110762340028,376.06886857366925,7.6875,89.4998514512006,741.5515538383933,40.59375,-30,1.5,1.5,1.5,1.5,6070.274324353203,1.4216336579166777,true,
2026-03-16,U1,9651.38723429049,380.0774704632863,631.2560823640555,527.5797653783618,527.6153921141954,379.85896320782047,8.0625,92.20870330693472,1978.2243856054438,41.441951751708984,-29.343709743236335,1.2999999523162842,1.2999999523162842,1.2999999523162842,1.2999999523162842,6069.122981347834,1.1088916020277515,true,
2026-03-17,U1,9592.317048895206,378.07220642479405,629.8924243663583,525.5401340494375,525.6309567814898,377.7013626293758,8,86.81642910891482,2118.6013826531216,41.375,-10.777028469021058,1.2999999523162842,1.2999999523162842,1.2999999523162842,1.2999999523162842,6063.970740449396,1.247707344891847,true,
2026-03-18,U1,9567.576646011947,377.1514281868267,627.9290026886689,522.6504162254236,522.8449736300026,374.8974729962361,8.034086227416992,85.8416651459911,3152.396722115519,41.59375,-0.6107174900486646,1.5,1.5,1.5,1.5,6063.097017362721,1.2611470418000787,true,
2026-03-19,U1,9723.474597773005,383.15344811321455,626.3358955090613,509.2610064650436,509.5581004735454,372.8773342044762,8.0625,82.8857657391092,3887.0091847373396,41.59375,3.031554501074963,1.5,1.5,1.5,1.5,6065.366801475209,1.3673373947026972,true,
2026-03-20,U1,9633.828341572958,379.19460972315136,624.9340464404172,512.4040117580872,512.5613776009405,372.9325245030396,8.079551696777344,78.38135764665921,3295.1890131957693,41.59375,8.42366165791631,1.5,1.5,1.5,1.5,6072.18609009934,1.4453524845391188,true,
2026-03-21,U1,9435.53367157146,377.24761605938625,623.4713666286615,509.6313396170926,509.86920665536087,372.0560313661385,7.756398677825928,79.31234944141124,2621.6593374462077,40.84375,10.00816585218815,1.5,1.5,1.5,1.5,5977.895088065125,1.4214572396080203,true,
2026-03-22,U1,9767.688996615016,390.2762735257287,594.6792295021779,517.178506914612,517.4666120134046,366.15258305152054,7.795512676239014,77.79584470002547,1044.4191774139015,40.875,-3.0953951819187693,1.5,1.5,1.5,1.5,5981.746412380516,1.7102374609667472,true,
2026-03-23,U1,9866.126046605583,394.47932272009,611.7884690853031,511.3314130544053,511.58519504869076,367.82173890408956,7.6484375,79.497624780211,1909.3764542484528,40.625,6.9285771691280855,1.5,1.5,1.5,1.5,5977.653536657448,1.366792221370397,true,
2026-03-24,U1,9650.904068022899,385.54039471875285,609.5506039202365,514.4293797485664,514.6470389988111,366.77868082578226,7.579500675201416,77.07272080326324,1616.8365571492773,40.59375,3.0801857440063105,1.5,1.5,1.5,1.5,5982.826865274323,1.5546968212760026,true,
2026-03-25,U1,9848.919238750488,393.7331359202773,600.7539072646509,513.524302255772,513.8698806957821,365.75623346899476,7.625,77.13798133674484,1425.0535368175458,40.75,6.88823771415769,1.5,1.5,1.5,1.5,5978.537181830231,1.9012049049148,true,
2026-03-26,U1,10003.027039405802,401.021398444623,602.9367017038643,509.7008958118956,510.0364071194778,366.1355588869061,7.506420612335205,84.96395273037884,1731.6066405157299,40.232357025146484,2.786114688156425,1.5,1.5,1.5,1.5,5961.7288514550855,1.4289832837141851,true,
2026-03-27,U1,10071.816528567473,402.97520384998376,494.28984588857196,518.2626317407164,518.6320622436835,355.2607989689273,7.1884002685546875,85.02751235766789,2006.463172283319,39.47318649291992,-14.95173107607819,1.5,1.5,1.5,1.5,5973.622944179796,3.01,true,
2026-03-28,U1,9329.109463234463,370.2025294436242,621.8743408671426,525.6084809364261,525.6482380040161,380.0617441631034,7.03515625,97.42953691214247,721.0946398000888,39.25,-16.422046000085523,1.2999999523162842,1.2999999523162842,1.2999999523162842,1.2999999523162842,6022.948244357633,1.39,true,
2026-03-29,U1,9396.781959069222,371.45140440164175,607.132459947825,524.3553910121284,524.4692190809322,375.28832875127375,7.19921875,97.23771339670166,605.537343495947,39.535701751708984,-26.98934011142272,0.8999999761581421,0.8999999761581421,0.8999999761581421,0.8999999761581421,6046.2412117415715,1.69,true,
2026-03-30,U1,9449.322809797693,370.2777157944622,627.7277602947042,518.2824056205446,518.4577693382688,375.7621843252005,7.50662899017334,95.05273062101409,4244.950994193079,40.375,-23.246195014022707,1.5,1.5,1.5,1.5,6099.320207030198,1.16,true,
2026-03-31,U1,9516.867612001348,372.9243263330152,621.4938108634461,528.1832771789083,527.9777171727642,380.51038093274207,7.38671875,92.12879813113786,3598.023332288503,40,-16.88392773552624,1,1,1,1,6099.323076338922,1.35,true,
2026-04-01,U1,9162.520604223619,359.3002494532531,621.1080496317286,524.6369104409766,524.4076209104884,385.0597231735659,7.268233776092529,88.12106717395051,984.2877522636862,40,-22.091669950948653,1,1,1,1,6094.888565263652,1.4930244851546224,true,
2026-04-02,U1,9117.817547691993,359.3962758714597,618.2391660256154,521.7339335097681,521.4752377951542,383.3189711314638,7.6875,87.42109808958399,1391.1888507930823,40.71875,-19.380351578792954,1.5,1.5,1.5,1.5,6063.531653662637,1.0875019679660844,true,
2026-04-03,U1,8752.015510146415,349.06665159629966,593.3582160344819,521.9554769998927,521.7238969729684,376.0326098273782,7.8125,88.99334800700703,2824.462243746004,41.0401611328125,-29.076169406666477,1,1,1,1,5992.5,1.6881919452848582,true,
2026-04-04,U1,8954.975840445351,357.16155074520935,583.0607951522788,529.0102315839295,528.7673662971048,379.1031469554852,7.045919418334961,94.56011683861618,3343.1433423717917,39.24082565307617,-30,0.6000000238418579,0.6000000238418579,0.6000000238418579,0.6000000238418579,5992.5,2.0961776580672686,true,
2026-04-05,U1,9060.59694760101,361.37415824915826,555.8338611729614,527.6332863419867,527.3074180037164,376.19090360753677,6.966327667236328,94.8308922457878,7018.864852554048,39.03125,-30,0.6000000238418579,0.6000000238418579,0.6000000238418579,0.6000000238418579,5992.5,2.0936327425206303,true,
2026-04-06,U1,8741.455918369249,353.81170307956154,550.7072542000304,534.9675638730569,534.5316297916501,374.323888832346,6.643126010894775,126.84105004313047,3107.609097180769,38.10266876220703,-30,0.6000000238418579,0.6000000238418579,0.6000000238418579,0.6000000238418579,5905,2.746682171282453,true,
2026-04-07,U1,9294.760144812679,376.20677233429393,591.4686168465773,525.8547252059898,525.6926739782933,382.0882337331162,7.1885857582092285,119.03474173582423,913.6458226567339,39.50447463989258,-30,0.6000000238418579,0.6000000238418579,0.6000000238418579,0.6000000238418579,5905,1.3305583703494053,true,
2026-04-08,U1,8990.89831247848,367.0782831760898,604.1414688773777,524.1772171761984,523.9817634836182,384.36616129765423,7.704367637634277,100.71866298392605,3652.9747549188714,40.78125,-30,0.6000000238418579,0.6000000238418579,0.6000000238418579,0.6000000238418579,5854,3.31440254849045,true,
2026-04-09,U1,9148.266787640236,360.4794720903022,606.8528574287434,529.2775042209479,528.9045119809982,383.79827904274396,7.614212989807129,104.53291797881846,3396.904370300605,40.5,-30,0.6000000238418579,0.6000000238418579,0.6000000238418579,0.6000000238418579,6065.5,2.65848224151215,true,
2026-04-10,U1,8714.811365922265,346.9037674735765,616.4147334184183,531.158302872992,530.8882487655601,386.1511043929078,7.579413890838623,117.5946649419682,2227.5647404468273,40.51344299316406,-30,0.800000011920929,0.800000011920929,0.800000011920929,0.800000011920929,6004.229706072054,2.5682865337960505,true,
2026-04-11,U1,0,333.32178492239467,149.62212776044495,258.4421182812937,277.7387815899861,169.1956280501948,7.6875,40.30929856739953,261.2162080408667,40.84815979003906,-30,0.6000000238418579,0.6000000238418579,0.6000000238418579,0.6000000238418579,0,0,false,zero_or_negative_heat_rate
2026-04-12,U1,0,0,-0.17770807704199915,83.25584358937296,146.52171066167105,45.22965826341868,100.9834213256836,3.224602508479092,70.26507638116627,32.870628356933594,-30,1,1,1,1,0,0,false,zero_or_negative_heat_rate
2026-04-13,U1,0,0,-0.1767817166493372,52.90436091020589,100.41541318576354,35.68090811531867,101.01171875,3.386030650456109,72.42753094236564,32.15181350708008,-30,1,1,1,1,0,0,false,zero_or_negative_heat_rate
2026-04-14,U1,0,0,-0.17424321454732924,44.16083640271745,70.48046973538216,37.616492483621975,112.5,3.6776562602630793,48.328399403930625,31.691865921020508,-30,1,1,1,1,0,0,false,zero_or_negative_heat_rate
2026-04-15,U1,0,0,-0.17261864529813037,43.52849830568904,54.54461687483141,40.082354562666715,112.5,2.3110900553730267,40.05816836735172,28.34375,-30,1,1,1,1,0,0,false,zero_or_negative_heat_rate
2026-04-16,U1,0,0,-0.1699983624412733,41.10093230908484,45.06824013400261,39.84173689351972,112.5,2.273179360248102,40.949362408474585,27.09375,-30,1,1,1,1,0,0,false,zero_or_negative_heat_rate
2026-04-17,U1,0,0,-0.16596569846886808,36.3767818685078,39.698952711451696,36.733208439234275,112.5,3.55057817522582,43.434449274216774,27,-30,1,1,1,1,0,0,false,zero_or_negative_heat_rate
2026-04-18,U1,0,0,-0.17094296605690665,33.13572524575626,35.84915209914107,32.27971536972944,112.5,4.5187142540843945,48.70470631153077,25.96875,-30,1,1,1,1,0,0,false,zero_or_negative_heat_rate
2026-04-19,U1,0,0,-0.17653161768893194,30.35366395100411,32.454725784341285,29.93279989280969,112.5,2.590068651873873,49.4288502607606,25.09375,-19.54663212435233,1,1,1,1,0,0,false,zero_or_negative_heat_rate
2026-04-20,U1,0,0,-0.18851951342028425,28.712240306922542,29.98303432659725,30.776555883305154,112.5,2.553751724264811,50.476172654525094,25.28125,-3.552713678800501e-15,0,0,0,0,0,0,false,zero_or_negative_heat_rate
2026-04-21,U1,0,0,-0.18840618229583098,27.536410763440536,28.323219772494966,30.805664857635108,112.5,2.177674347381143,52.31982475534424,26.03125,-3.552713678800501e-15,0,0,0,0,0,0,false,zero_or_negative_heat_rate
2026-04-22,U1,0,0,-0.18456902515972057,26.691107298711987,27.25655877925551,30.33807250361918,112.5,0.9967396298180455,-1127.71721252578,25.59375,-3.552713678800501e-15,0,0,0,0,0,0,false,zero_or_negative_heat_rate
2026-04-23,U1,0,0,-0.1889196584082168,26.28469283745417,26.673879225845532,29.38555983326319,112.5,0.8653649481018181,24.00858134534353,25.96875,-3.552713678800501e-15,0,0,0,0,0,0,false,zero_or_negative_heat_rate
2026-04-24,U1,0,0,-0.1830118786438804,25.16922222439895,25.669253222472832,26.088146465818596,112.5,0,30.23619223708082,24.875,-3.552713678800501e-15,0,0,0,0,0,0,false,zero_or_negative_heat_rate
2026-04-25,U1,0,0,-0.19308584527400754,24.166083170020062,24.721654826113024,25.445230235224184,112.5,0,47.15038231266734,23.317123413085938,-3.552713678800501e-15,0,0,0,0,0,0,false,zero_or_negative_heat_rate
2026-04-26,U1,0,0,-0.18311015597504118,23.958162468717532,24.832221309242346,26.053820614924515,112.5,0.03708339172839414,41.497592635776684,22.964357376098633,-3.552713678800501e-15,0,0,0,0,0,0,false,zero_or_negative_heat_rate
2026-04-27,U1,0,0,-0.183344388137693,24.09765220603065,25.539777936228095,26.69928702917855,112.5,0.5785233858255836,41.27799588274163,23.7453670501709,-3.552713678800501e-15,0,0,0,0,0,0,false,zero_or_negative_heat_rate
2026-04-28,U1,0,0,-0.18073194712171775,24.438889786410513,26.114318567163803,27.00012617038034,112.5,3.5247283775558578,48.16171659289114,24.625,-3.552713678800501e-15,0,0,0,0,0,0,false,zero_or_negative_heat_rate
2026-04-29,U1,0,0,-0.1971253392755833,25.054257090439272,26.086057653207607,27.729854244710236,112.5,6.292835630545103,50.11428122752158,24.629602432250977,-3.552713678800501e-15,0,0,0,0,0,0,false,zero_or_negative_heat_rate
2026-04-30,U1,0,0,-0.17997210890130924,24.590172494463907,25.327110958831085,25.88231474542252,112.5,2.75138672200248,54.5325246015778,25.504634857177734,-3.552713678800501e-15,0,0,0,0,0,0,false,zero_or_negative_heat_rate
2026-05-01,U1,0,0,-0.18989397960779308,23.599930570558513,24.449129441205194,24.830318858251548,112.5,3.4334206417241058,53.16529616431507,23.098203659057617,-3.552713678800501e-15,0,0,0,0,0,0,false,zero_or_negative_heat_rate
2026-05-02,U1,0,0,-0.18603283036357302,23.213877787675393,23.9019894051125,26.11922262147869,112.5,3.306286751080657,47.50394536528136,23.03125,-3.552713678800501e-15,0,0,0,0,0,0,false,zero_or_negative_heat_rate
2026-05-03,U1,0,0,-0.18836408828759132,23.827218541098983,24.190017566046752,27.580179253502575,101.0181884765625,4.237714581605618,47.75046765407943,24.495590209960938,-3.552713678800501e-15,0,0,0,0,0,0,false,zero_or_negative_heat_rate
2026-05-04,U1,0,0,-0.17029500092533578,23.870492118093974,24.078279765975445,26.12139206811805,101.10829162597656,2.7212175509922814,50.21015733823886,25.714262008666992,-3.552713678800501e-15,0,0,0,0,0,0,false,zero_or_negative_heat_rate
2026-05-05,U1,0,0,-0.17275465837181986,23.016579171885613,23.397673297111336,24.709975935309135,101.70438385009766,3.1144200528452597,55.32280655590165,23.04894256591797,-3.552713678800501e-15,0,0,0,0,0,0,false,zero_or_negative_heat_rate
2026-05-06,U1,0,0,-0.18527352375447598,22.962228982344918,23.19588004353711,25.70733420623233,101.1875,5.089116471072854,52.49373929884732,23.3125,-3.552713678800501e-15,0,0,0,0,0,0,false,zero_or_negative_heat_rate
2026-05-07,U1,0,0,-0.19004085723815672,23.57343279309285,23.55992365981002,27.034908472729462,101.19392395019531,1.3606489753460629,44.025093246908746,25.71875,-3.552713678800501e-15,0,0,0,0,0,0,false,zero_or_negative_heat_rate
2026-05-08,U1,0,0,-0.19249156763410324,24.096981080291826,23.90924621055193,27.41009550265339,101.15069580078125,2.0088706230892845,49.937072068529055,27.5893497467041,-3.552713678800501e-15,0,0,0,0,0,0,false,zero_or_negative_heat_rate
2026-05-09,U1,0,0,-0.1911184078992328,23.861998660485153,23.794693224875214,26.148501915699992,101.4375,2.885888404383272,53.05121802795878,25.9375,-3.552713678800501e-15,0,0,0,0,0,0,false,zero_or_negative_heat_rate
2026-05-10,U1,0,0,-0.1797102366281135,23.7654561094006,23.797760909780518,26.572391005123364,101.375,5.1292987361995745,47.48471461293642,25.285764694213867,-3.552713678800501e-15,0,0,0,0,0,0,false,zero_or_negative_heat_rate
2026-05-11,U1,0,0,-0.18994077122615427,24.1445436209364,24.10726600656729,27.963935525216105,101.10853576660156,4.711832865828956,49.68940793400835,25.419902801513672,-3.552713678800501e-15,0,0,0,0,0,0,false,zero_or_negative_heat_rate
2026-05-12,U1,0,0,-0.19545109897775723,24.413176017039266,24.35755532842768,28.358123896371982,100.83075714111328,1.9253843225745435,47.5581286886464,25.745450973510742,-3.552713678800501e-15,0,0,0,0,0,0,false,zero_or_negative_heat_rate
2026-05-13,U1,0,0,-0.18467285828021787,24.660705146887114,24.538258098885226,28.92277956374771,100.38671875,2.432512235981972,44.94749886300558,25.87053680419922,-3.552713678800501e-15,0.6000000238418579,0.6000000238418579,0.6000000238418579,0.6000000238418579,0,0,false,zero_or_negative_heat_rate
2026-05-14,U1,0,0,-0.1859838383181778,107.06171495774213,104.5372277574466,84.24058014413585,100.4557876586914,4.920184105941955,81.34272419766087,39.009246826171875,-3.552713678800501e-15,0.6000000238418579,0.6000000238418579,0.6000000238418579,0.6000000238418579,0,0,false,zero_or_negative_heat_rate
2026-05-15,U1,0,350.68867632028116,201.65463090972867,431.6733360583215,432.9198928013482,284.34497044946227,8.1875,67.53730139646994,276.2964867594297,40.08452224731445,-19.77270104635097,0.6000000238418579,0.6000000238418579,0.6000000238418579,0.6000000238418579,0,0,false,zero_or_negative_heat_rate
2026-05-16,U1,8357.555526721273,322.98507788927003,620.877211314638,530.8523430007193,531.4052703154971,373.4133565370994,8,116.61242373337221,684.5783443060677,41.15625,-30,0.800000011920929,0.800000011920929,0.800000011920929,0.800000011920929,6184.5077302929085,1.7916928457045986,true,
2026-05-17,U1,8592.931530341728,333.36973005793516,610.1544382236802,528.6860847960958,529.120219198944,376.9624633398812,9.292737007141113,122.37786282785713,445.1395172402072,44.0625,-30,0.800000011920929,0.800000011920929,0.800000011920929,0.800000011920929,6160.6071002096705,9.134540970734136,true,
2026-05-18,U1,8875.220589813822,341.69691644155205,648.3742992664542,529.8905074565916,530.3262799743496,383.52279608450885,9.20544147491455,126.18929359065298,407.5056799964222,43.96875,-30,0.6000000238418579,0.6000000238418579,0.6000000238418579,0.6000000238418579,6207.924416009397,2.316999138308512,true,
2026-05-19,U1,9226.423361324012,355.4620960027156,648.5506830630095,526.5341484674713,526.9618968914842,383.7903771754116,9.097014427185059,120.61687931929099,779.6175344813511,43.77669906616211,-30,0.6000000238418579,0.6000000238418579,0.6000000238418579,0.6000000238418579,6203.665966607504,8.373235335414567,true,
2026-05-20,U1,9648.577552755662,370.7371386661391,648.4485924762229,526.5022003876279,526.8790511889836,380.34681026527034,9.062929153442383,107.87148386377203,1080.9419801326665,43.75437545776367,-30,0.6000000238418579,0.6000000238418579,0.6000000238418579,0.6000000238418579,6220.216806372955,2.052317219445356,true,
2026-05-21,U1,9477.871805902107,363.6627667320738,642.6323648047874,524.1598694159857,524.6333068691556,376.7039551795901,9.000271797180176,113.36051415055609,478.3489844183178,43.65625,-30,0.6000000238418579,0.6000000238418579,0.6000000238418579,0.6000000238418579,6229.028471471194,4.15636441642718,true,
2026-05-22,U1,9548.79569256779,366.20809121815233,646.7590085393023,527.0571228963945,527.4692267298393,376.9069880805052,8.97265625,110.77150095088403,767.2967469491008,43.49106216430664,-30,0.6000000238418579,0.6000000238418579,0.6000000238418579,0.6000000238418579,6232.022171161753,3.063740759590316,true,
2026-05-23,U1,9534.799365835286,365.53871185101946,648.2770005638337,524.104824212506,524.5805100540981,376.03396067899814,9.03548526763916,102.67774178000057,1294.83028553331,43.84834671020508,-30,0.6000000238418579,0.6000000238418579,0.6000000238418579,0.6000000238418579,6234.282902121768,5.183218408943069,true,
2026-05-24,U1,9556.61980621051,366.3745380689817,621.620144270875,520.3959411464994,520.8962086240958,371.9047004328969,9.124723434448242,104.85088326924902,430.5401763818453,43.90625,-30,0.800000011920929,0.800000011920929,0.800000011920929,0.800000011920929,6234.29500262134,4.992582057070875,true,
2026-05-25,U1,9551.067002786069,367.4699212234153,649.4223732716592,523.4366386394062,523.9907927452145,376.7501549684178,9.3125,111.11102088089184,555.6409739326028,44.20978927612305,-30,0.800000011920929,0.800000011920929,0.800000011920929,0.800000011920929,6212.099734043782,2.8917696794110634,true,
2026-05-26,U1,9479.463375665402,364.1672436896293,648.757261310392,524.608662012593,525.0805109906989,374.195947281235,9.062654495239258,113.56102087308683,744.1480222541048,43.839378356933594,-30,0.6000000238418579,0.6000000238418579,0.6000000238418579,0.6000000238418579,6221.44402482811,4.171779102067449,true,
2026-05-27,U1,9190.558429454999,353.0990151447317,647.4825785995445,525.1576481109385,525.6235844838955,373.1643129626808,9.28515625,121.86422572416417,293.69823774352403,44.214088439941406,-30,0.6000000238418579,0.6000000238418579,0.6000000238418579,0.6000000238418579,6220.90713577259,5.068769711728623,true,
2026-05-28,U1,9407.347603721264,361.698902677226,647.4454788247033,525.2737864618716,525.7987571774846,371.33259028364023,9.41015625,103.74277355847761,1416.6546884034296,44.432945251464844,-30,0.8999999761581421,0.8999999761581421,0.8999999761581421,0.8999999761581421,6216.2478859847815,8.81699934009771,true,
2026-05-29,U1,9267.491566740113,356.68768641208686,648.2975269522508,524.4718497586067,524.9839870130925,372.17971411507455,9.562060356140137,114.92538458002193,295.9179140076308,44.6920280456543,-30,0.800000011920929,0.800000011920929,0.800000011920929,0.800000011920929,6209.868544492839,3.9305564671289113,true,
2026-05-30,U1,9300.1519413189,357.87280244703805,647.5013257585218,522.1221965975163,522.651326991713,371.55294393944314,9.47265625,114.1637867881209,1505.626929012406,44.5625,-30,0.699999988079071,0.699999988079071,0.699999988079071,0.699999988079071,6211.116479733137,6.71528190878557,true,
2026-05-31,U1,9355.377703407305,361.13097137666927,304.60451285235223,421.2187664100276,422.3033776832054,286.25726437385737,9.53515625,74.70246335356074,235.10464434611524,44.76818084716797,-21.556142260046567,0.800000011920929,0.800000011920929,0.800000011920929,0.800000011920929,6191.6288329548615,,true,
2026-06-01,U1,9477.947594887819,364.2157309218659,648.3216334194174,524.2738911360171,524.7869136835677,369.42988627025665,9.7232666015625,105.55154256545784,5405.699547016964,45.16086196899414,-30,1,1,1,1,6219.621091754439,7.5167734648972475,true,
2026-06-02,U1,9452.618408545948,362.4327668164358,647.0574204232687,531.2196513850514,531.560697500563,370.0903967880621,9.796875,107.42076572663504,3598.918518776904,45.15625,-30,0.6000000238418579,0.6000000238418579,0.6000000238418579,0.6000000238418579,6233.514814368978,2.528195382885997,true,
2026-06-03,U1,9466.599396624311,363.28119908765086,648.2191212061421,522.9323273720075,523.2921443017253,369.53347507654433,9.922651290893555,101.97119807985564,2872.366382167503,45.53125,-30,0.699999988079071,0.699999988079071,0.699999988079071,0.699999988079071,6228.154837610211,2.8952176581614584,true,
2026-06-04,U1,9475.088765357576,363.7014983969112,643.4757375107397,522.8027910795022,523.252264593763,369.3168475707196,9.59765625,102.65432113342962,2514.15710598085,44.620521545410156,-30,0.6000000238418579,0.6000000238418579,0.6000000238418579,0.6000000238418579,6226.536253811764,4.0214158464638,true,
2026-06-05,U1,9507.567701115384,364.8532569792415,648.3653153909746,522.5027008394973,522.9245342922845,369.4537947965567,9.09765625,102.6053331125602,856.2033724478238,43.9375,-30,0.6000000238418579,0.6000000238418579,0.6000000238418579,0.6000000238418579,6228.156591221218,3.55292126341428,true,
2026-06-06,U1,9438.157905338265,362.23045427958635,648.3627611243206,523.8146669510463,524.247278048564,370.66380668690886,8.699540138244629,102.66891303559365,1418.3853373220913,43.09375,-30,0.6000000238418579,0.6000000238418579,0.6000000238418579,0.6000000238418579,6227.455067065688,3.572615461655489,true,
2026-06-07,U1,9212.74491820695,355.7681159420292,620.987314521809,523.2361276292484,523.729038010151,364.80830193834663,9.250504493713379,101.68467714094005,796.85710909097,44.10263442993164,-30,0.6000000238418579,0.6000000238418579,0.6000000238418579,0.6000000238418579,6189.140573191204,3.215291148491011,true,
2026-06-08,U1,9568.524998888888,366.8293000260212,648.2256724169797,522.140258721396,522.6417382487701,371.08239644594045,9.09816837310791,101.22823036007765,1789.8887424849618,43.74562454223633,-30,0.699999988079071,0.699999988079071,0.699999988079071,0.699999988079071,6234.323051481672,3.0430148820379905,true,
2026-06-09,U1,9563.306848692828,366.62811850311846,648.4494293290941,519.371926453584,519.9883535854568,368.1041993608496,8.733616828918457,95.15265664821717,1546.1485544953273,43.026649475097656,-30,1,1,1,1,6234.342315625698,4.278107314282917,true,
2026-06-10,U1,9619.851500148194,367.9448849603539,648.4943215450668,519.6532462853814,520.2968620418709,370.13586053615666,8.76171875,104.26206517695323,904.7085589220677,43.13848876953125,-30,0.800000011920929,0.800000011920929,0.800000011920929,0.800000011920929,6248.761114251395,3.213407114443041,true,
2026-06-11,U1,9497.111885707583,363.2529020477372,648.4024972744915,524.2047742348817,524.77719671076,369.0899778987775,8.921875,99.19644457696546,1180.1176926471178,43.428375244140625,-30,0.6000000238418579,0.6000000238418579,0.6000000238418579,0.6000000238418579,6248.7159899607195,3.02127945440178,true,
2026-06-12,U1,9551.125705457853,365.4343566296531,644.550920101078,524.0821774434091,524.6679332251031,366.9616344984778,8.972443580627441,98.39533076318034,1116.1148779418675,43.46875,-30,1,1,1,1,6246.741141774505,3.7689273783384722,true,
2026-06-13,U1,9502.800775090136,363.4617393575359,645.4731150283228,522.6094928749914,523.2034257097943,366.70890940055085,8.921875,98.56677750208954,1494.5089230378821,43.495628356933594,-30,0.8999999761581421,0.8999999761581421,0.8999999761581421,0.8999999761581421,6248.866520681615,2.7201993664413973,true,
2026-06-14,U1,9339.821848911422,360.26312274609234,622.1776727154431,521.9497045952571,522.5390179416293,362.8755790219867,9,98.04295854927959,412.79381647554044,43.58932876586914,-30,0.8999999761581421,0.8999999761581421,0.8999999761581421,0.8999999761581421,6196.223969243203,4.724638644935298,true,
2026-06-15,U1,9377.647061495794,361.67675584195763,648.4186047800362,522.6793170937414,523.2455593878836,366.7432471230924,8.94921875,108.79654457616701,1087.2712786520135,43.46875,-30,0.6000000238418579,0.6000000238418579,0.6000000238418579,0.6000000238418579,6197.001612543283,3.6884785594909846,true,
2026-06-16,U1,9386.09424145456,361.35549038774894,648.3595146315787,518.8962603989831,519.4923333212436,366.8673150512966,8.972929000854492,111.6389544840134,1073.730356558992,43.59828567504883,-29.895830518126225,0.6000000238418579,0.6000000238418579,0.6000000238418579,0.6000000238418579,6208.098183949505,4.721057311211228,true,
2026-06-17,U1,9359.772935280673,360.5782224532227,648.0696419718321,518.9683033336293,519.5681873668324,366.9301701310997,8.999859809875488,99.17748064265282,1241.4177462880205,43.504390716552734,-30,0.8999999761581421,0.8999999761581421,0.8999999761581421,0.8999999761581421,6204.033635914826,5.930840694682326,true,
2026-06-18,U1,9335.74930691915,361.1825780331719,648.0281820858227,520.1249039136121,520.752386596409,367.568510000563,8.94921875,97.11244614425625,1331.195487231743,43.490806579589844,-30,1.100000023841858,1.100000023841858,1.100000023841858,1.100000023841858,6177.755437838425,4.499989263116465,true,
2026-06-19,U1,9361.23178670669,366.08689979123204,647.9803318501738,518.49355926852,519.1545835101683,367.4499867644384,9.0625,94.83032977660321,2410.924898117979,43.74559783935547,-30,0.8999999761581421,0.8999999761581421,0.8999999761581421,0.8999999761581421,6111.631133517959,4.672240137351917,true,
2026-06-20,U1,8994.898950294584,357.3995715050881,619.4093066749671,512.6738227793488,513.5236771069715,363.9182762941077,8.547591209411621,101.33923723005138,894.3891215948203,42.875,-30,1.2000000476837158,1.2000000476837158,1.2000000476837158,1.2000000476837158,6015.207114115083,4.827897472155524,true,
2026-06-21,U1,8963.569618487008,356.672280701754,621.1887506743526,511.70397800352515,512.5587740473102,363.64725117144195,8.35904598236084,107.98731289205953,1525.3819138554406,42.21875,-30,0.6000000238418579,0.6000000238418579,0.6000000238418579,0.6000000238418579,6006.478975244856,5.331940312599549,true,
2026-06-22,U1,9338.726162778981,368.8037871367942,647.9384383960148,517.3596760819598,518.1159277533216,367.37486500539165,8.546875,98.62977437698127,5351.482935378926,42.65625,-30,0.6000000238418579,0.6000000238418579,0.6000000238418579,0.6000000238418579,6052.023322350542,7.29607096054139,true,
2026-06-23,U1,9557.611288592094,372.47603521356314,648.083156497887,518.2609214021467,519.0236699343257,366.9188935814834,8.69943904876709,104.0596963243844,5621.375470518801,42.9375,-30,0.6000000238418579,0.6000000238418579,0.6000000238418579,0.6000000238418579,6132.807766915503,3.7787964524245896,true,
2026-06-24,U1,9669.278396361751,376.5383111806103,648.113267200987,516.8390454209829,517.697061339926,367.1743698627616,8.421875,104.17368840219704,5330.36894061983,42.52272033691406,-30,0.800000011920929,0.800000011920929,0.800000011920929,0.800000011920929,6137.524210475314,3.914972002428822,true,
2026-06-25,U1,9654.493711521203,378.3619897624362,636.3586346950677,501.81956292467476,502.7500111649676,365.7558281807572,9.159971237182617,89.85637789977892,4172.907312329751,43.9375,-19.97447377139343,0.800000011920929,0.800000011920929,0.800000011920929,0.800000011920929,6098.602499705141,3.3790775637665433,true,
2026-06-26,U1,9605.905444642929,368.37563118893047,642.3579825086666,503.82902706171615,504.76251278219627,366.4020173269471,8.797188758850098,89.27570271967784,3316.499785767955,43.21875,-23.145722320497434,1.5,1.5,1.5,1.5,6232.406021689904,3.3613225942187173,true,
2026-06-27,U1,9740.520630580717,369.924746936601,627.0708866363291,500.84303909606257,501.7814009300621,362.69631765158374,9.284863471984863,89.1222301829945,1912.797030336841,44.15625,-16.56807376857343,1.5,1.5,1.5,1.5,6293.280790092876,4.570950834864063,true,
2026-06-28,U1,9632.164750823438,368.4607856843286,596.3217158402933,512.8770671091693,513.7462680926608,359.72460517967886,9.659955024719238,97.20170861390108,3264.0023792123056,45,-20.06396901158166,1.5,1.5,1.5,1.5,6247.999017301562,5.958077823458959,true,
2026-06-29,U1,9558.744216735402,366.68284135328184,625.3540399653832,505.98527015973616,506.88016697784224,362.2671799754885,9.472315788269043,92.95254823638172,5328.2486269289,44.5625,-23.6317361241698,0.6000000238418579,0.6000000238418579,0.6000000238418579,0.6000000238418579,6230.43797097507,4.442333410925699,true,
2026-06-30,U1,9177.947374727884,353.38722554890245,642.2058045370195,515.8893522613592,516.5629976530562,368.2972141105161,9.09765625,96.8885517247236,3007.1983759810287,43.8125,-30,1.2999999523162842,1.2999999523162842,1.2999999523162842,1.2999999523162842,6207.304367390204,0,true,
2026-07-01,U1,9089.784714474583,350.5302574199427,647.664263322835,513.0679970210513,513.7811517144519,368.4828309864797,8.97301959991455,103.15934040382537,4080.9345727146597,43.66081619262695,-29.933819601646814,0.8999999761581421,0.8999999761581421,0.8999999761581421,0.8999999761581421,6197.783617900921,4.0191657329195385,true,
2026-07-02,U1,9173.151106905434,354.9492558748861,646.5717842121563,513.8194805745803,514.3848748386831,370.9210266654613,9.16015625,107.14845494103272,3447.6353581971975,43.977840423583984,-30,0.8999999761581421,0.8999999761581421,0.8999999761581421,0.8999999761581421,6176.7582174641575,3.243411321781707,true,
2026-07-03,U1,9128.712971604527,352.2997315799842,647.4216435034866,512.8110371185776,513.3567027495865,371.2280937245574,9.097787857055664,104.67988603342398,4186.662529211615,43.87937927246094,-30,0.8999999761581421,0.8999999761581421,0.8999999761581421,0.8999999761581421,6193.063940136625,3.4975523945213665,true,
2026-07-04,U1,9135.684614688877,353.6470841009277,647.4829660401015,514.3116789350488,514.9688786677933,370.8071758667804,8.922410011291504,102.31478109592345,5578.0606618065,43.59830856323242,-30,0.8999999761581421,0.8999999761581421,0.8999999761581421,0.8999999761581421,6174.180771223695,3.428818351958686,true,
2026-07-05,U1,9210.70867253518,353.5525896536071,602.3239754679258,509.7027477932611,510.4790432543025,365.10374856682415,9.062172889709473,99.00822548538513,715.1574758880682,43.71875,-30,0.8999999761581421,0.8999999761581421,0.8999999761581421,0.8999999761581421,6226.548103595279,,true,
2026-07-06,U1,9177.26564630069,354.3422711886905,641.7220873430257,513.1445154837124,513.992139016974,366.85839444517825,9.222407341003418,93.3322549976425,6098.122090240276,43.75,-8.08065817102856,0.8999999761581421,0.8999999761581421,0.8999999761581421,0.8999999761581421,6190.1142196975015,2.769036257381104,true,
2026-07-07,U1,9275.429203737625,358.08665494333724,645.8993765984654,514.6047451247662,515.4936537985791,366.87663468659053,9.0625,92.34387603725932,7277.992975002382,43.72800064086914,2.9575915402689423,0.8999999761581421,0.8999999761581421,0.8999999761581421,0.8999999761581421,6190.905900089804,3.3072275689380755,true,
2026-07-08,U1,9270.900891349133,357.6032945480915,633.188252428277,512.0582926725839,512.9065828143425,365.3203615787688,9.34765625,84.33183256162125,6282.625893511333,44.40625,3.0923873211249924,0.8999999761581421,0.8999999761581421,0.8999999761581421,0.8999999761581421,6196.2474227101075,6.886313884809222,true,
2026-07-09,U1,9243.338603236092,355.1100493572084,642.6778364644941,513.7212263221487,514.6432176408113,367.6293942605841,9.372733116149902,93.04800376976672,6117.457251910359,44.348411560058594,-17.58196557916189,0.8999999761581421,0.8999999761581421,0.8999999761581421,0.8999999761581421,6221.200867829833,4.561242543892527,true,
2026-07-10,U1,9243.191818834292,350.45513519767286,645.8274119345429,511.17918328329625,512.3026784148291,368.61234190405867,9.53515625,65.11304978170574,2787.9617044825245,44.6875,-18.31563225395135,0.8999999761581421,0.8999999761581421,0.8999999761581421,0.8999999761581421,6303.733753754462,,true,
2026-07-11,U1,9243.316052072116,356.0324952880991,450.7706283608361,513.6538055487588,514.905767910232,346.1952449688626,9.285296440124512,111.93586548257561,1475.442207505592,44.46875,-29.000058011310855,0.8999999761581421,0.8999999761581421,0.8999999761581421,0.8999999761581421,6205.067196439298,,true,
2026-07-12,U1,9381.928328721098,368.4474349710983,489.0701316579833,515.5572792611471,516.6056029326107,352.93127187656984,13.1875,108.89267130172966,817.5435192844027,51.71875,-28.0261518601039,0.8999999761581421,0.8999999761581421,0.8999999761581421,0.8999999761581421,6085.901199916655,,true,
2026-07-13,U1,9181.196593203198,362.69538958689645,641.1304668611882,521.1032712475424,521.6660127153418,375.0601775852381,9.471821784973145,103.01390627165327,3526.8274899670923,44.61616897583008,-30,0.8999999761581421,0.8999999761581421,0.8999999761581421,0.8999999761581421,6050.142112042032,3.7794701062709253,true,
2026-07-14,U1,9247.159261415281,366.84162879283286,645.7564383504335,520.0431666067593,520.7123477369084,374.33726278165494,9.1875,103.9398165531539,4774.923200323947,44,-30,0.800000011920929,0.800000011920929,0.800000011920929,0.800000011920929,6024.736379373495,3.5200644448294636,true,
2026-07-15,U1,9003.57529988824,358.32775892449257,647.8860290995644,518.6270224831321,519.352454614745,373.83705081643654,9.472944259643555,103.73299393579859,2908.6027999505764,44.68294143676758,-30,0.6000000238418579,0.6000000238418579,0.6000000238418579,0.6000000238418579,6005.412890364882,3.84455293439693,true,
2026-07-16,U1,8993.136436777197,358.500592126756,647.8339460524147,519.3584376163864,520.1411434266626,372.4625334813695,8.921875,105.53220873238506,3446.891488627161,43.47337341308594,-30,0.6000000238418579,0.6000000238418579,0.6000000238418579,0.6000000238418579,5995.558282086295,5.743435684883963,true,
2026-07-17,U1,9007.062981845917,353.48092255125283,648.047056154217,521.4749081224666,522.1761039852303,373.02493905281017,9.437911987304688,108.32660313879043,3349.8192085553696,44.5625,-30,0.800000011920929,0.800000011920929,0.800000011920929,0.800000011920929,6090.11570660445,5.683347757573145,true,
2026-07-18,U1,8748.321905169045,343.5235285974855,648.0193081828944,526.2993105192671,526.9369586682373,372.6502875351324,9.47265625,120.64803719361976,7177.225551326101,44.59375,-30,0.6000000238418579,0.6000000238418579,0.6000000238418579,0.6000000238418579,6086.625639445392,2.9350657977731807,true,
2026-07-19,U1,8662.909290691847,344.4508272058824,620.9088709214154,523.5739788385293,524.2325595424339,368.2631639704736,9.72265625,112.36417241741442,2996.326283473926,45.09375,-30,0.6000000238418579,0.6000000238418579,0.6000000238418579,0.6000000238418579,6010.974132101846,7.105354227904265,true,
2026-07-20,U1,9078.540589179744,351.5954684821311,648.1956555300661,527.1487188571837,527.8704321749194,374.51715998004653,9.898171424865723,110.80187962906324,6988.616900594166,45.37055587768555,-30,0.6000000238418579,0.6000000238418579,0.6000000238418579,0.6000000238418579,6171.363032464316,3.533216282161817,true,
2026-07-21,U1,8891.303851667817,344.3449151706451,647.9749485806126,529.4834908698984,530.1147619953705,376.4157691498818,9.79662799835205,113.24827491100505,4190.085870476361,45.37044143676758,-30,0.6000000238418579,0.6000000238418579,0.6000000238418579,0.6000000238418579,6171.348925650414,3.047725702438741,true,
2026-07-22,U1,8961.942550657723,347.0837160477628,648.327792974994,530.7782334287521,531.4258675924161,376.9479428648684,9.797213554382324,114.21038869109228,4402.2299046484695,45.31696319580078,-30,0.6000000238418579,0.6000000238418579,0.6000000238418579,0.6000000238418579,6171.294063962006,2.9301735860429936,true,
2026-07-23,U1,9022.516099248955,349.42373421861714,648.3776108529562,526.968576638503,527.7021987813539,375.90617546538294,9.9609375,112.38514777984958,5452.547640189363,45.52671813964844,-30,0.6000000238418579,0.6000000238418579,0.6000000238418579,0.6000000238418579,6171.398479663025,4.843454599314443,true,
2026-07-24,U1,9341.166709745763,361.75847457627117,648.4921254501928,523.5351574679964,524.2558894189128,375.8453509548551,9.796875,106.23907900385211,5288.236922219693,45.129451751708984,-30,0.6000000238418579,0.6000000238418579,0.6000000238418579,0.6000000238418579,6171.5,6.695019175838366,true,
2026-07-25,U1,9437.770707786376,365.4996897857889,648.4541309093271,526.2586043330359,526.9148248981213,376.8037306622761,9.897195816040039,103.73639146927455,5548.464171246785,45.50440979003906,-30,0.6000000238418579,0.6000000238418579,0.6000000238418579,0.6000000238418579,6171.5,8.410794964830298,true,
2026-07-26,U1,9267.111953194268,359.95028939507097,578.244394482859,512.7968737820036,513.6363625537001,363.18523219207964,9.5625,83.45532153821044,2692.973742186891,44.78125,-29.729999660652652,0.6000000238418579,0.6000000238418579,0.6000000238418579,0.6000000238418579,6153.329999999999,5.259544840165018,true,
2026-07-27,U1,9258.7486314821,358.37513113034356,646.1547772731927,527.6267270174893,528.2505130810114,376.9149408107851,9.562999725341797,106.46069082188237,4693.895861538974,45.03125,-30,0.6000000238418579,0.6000000238418579,0.6000000238418579,0.6000000238418579,6174.797970499114,4.166570240893131,true,
2026-07-28,U1,9379.913855059494,362.29877433426657,647.8234643180048,530.6333360354811,531.153666900161,376.1455018578506,9.8984375,100.0631119840161,3092.4026257330984,45.31694412231445,-30,0.6000000238418579,0.6000000238418579,0.6000000238418579,0.6000000238418579,6187.857576818643,2.933190925482733,true,
2026-07-29,U1,,,,,,,,,,,,,,,,,,false,blank_heat_rate
2026-07-30,U1,,,,,,,,,,,,,,,,,,false,blank_heat_rate
2026-07-31,U1,,,,,,,,,,,,,,,,,,false,blank_heat_rate
2026-08-01,U1,,,,,,,,,,,,,,,,,,false,blank_heat_rate
2026-08-02,U1,,,,,,,,,,,,,,,,,,false,blank_heat_rate
2026-08-03,U1,,,,,,,,,,,,,,,,,,false,blank_heat_rate
2026-08-04,U1,,,,,,,,,,,,,,,,,,false,blank_heat_rate
2026-08-05,U1,,,,,,,,,,,,,,,,,,false,blank_heat_rate
2026-08-06,U1,,,,,,,,,,,,,,,,,,false,blank_heat_rate
2026-08-07,U1,,,,,,,,,,,,,,,,,,false,blank_heat_rate
2026-08-08,U1,,,,,,,,,,,,,,,,,,false,blank_heat_rate
2026-08-09,U1,,,,,,,,,,,,,,,,,,false,blank_heat_rate
2026-08-10,U1,,,,,,,,,,,,,,,,,,false,blank_heat_rate
2026-08-11,U1,,,,,,,,,,,,,,,,,,false,blank_heat_rate
2026-08-12,U1,,,,,,,,,,,,,,,,,,false,blank_heat_rate
2026-08-13,U1,,,,,,,,,,,,,,,,,,false,blank_heat_rate
2026-08-14,U1,,,,,,,,,,,,,,,,,,false,blank_heat_rate
2026-08-15,U1,,,,,,,,,,,,,,,,,,false,blank_heat_rate
2026-08-16,U1,,,,,,,,,,,,,,,,,,false,blank_heat_rate
2026-08-17,U1,,,,,,,,,,,,,,,,,,false,blank_heat_rate
2026-08-18,U1,,,,,,,,,,,,,,,,,,false,blank_heat_rate
2026-08-19,U1,,,,,,,,,,,,,,,,,,false,blank_heat_rate
2026-08-20,U1,,,,,,,,,,,,,,,,,,false,blank_heat_rate
2026-08-21,U1,,,,,,,,,,,,,,,,,,false,blank_heat_rate
2026-08-22,U1,,,,,,,,,,,,,,,,,,false,blank_heat_rate
2026-08-23,U1,,,,,,,,,,,,,,,,,,false,blank_heat_rate
2026-08-24,U1,,,,,,,,,,,,,,,,,,false,blank_heat_rate
2026-08-25,U1,,,,,,,,,,,,,,,,,,false,blank_heat_rate
2026-08-26,U1,,,,,,,,,,,,,,,,,,false,blank_heat_rate
2026-08-27,U1,,,,,,,,,,,,,,,,,,false,blank_heat_rate
2026-08-28,U1,,,,,,,,,,,,,,,,,,false,blank_heat_rate
2026-08-29,U1,,,,,,,,,,,,,,,,,,false,blank_heat_rate
2026-08-30,U1,,,,,,,,,,,,,,,,,,false,blank_heat_rate
2026-08-31,U1,,,,,,,,,,,,,,,,,,false,blank_heat_rate
2026-09-01,U1,,,,,,,,,,,,,,,,,,false,blank_heat_rate
2026-09-02,U1,,,,,,,,,,,,,,,,,,false,blank_heat_rate
2026-09-03,U1,,,,,,,,,,,,,,,,,,false,blank_heat_rate
2026-09-04,U1,,,,,,,,,,,,,,,,,,false,blank_heat_rate
2026-09-05,U1,,,,,,,,,,,,,,,,,,false,blank_heat_rate
2026-09-06,U1,,,,,,,,,,,,,,,,,,false,blank_heat_rate
2026-09-07,U1,,,,,,,,,,,,,,,,,,false,blank_heat_rate
2026-09-08,U1,,,,,,,,,,,,,,,,,,false,blank_heat_rate
2026-09-09,U1,,,,,,,,,,,,,,,,,,false,blank_heat_rate
2026-09-10,U1,,,,,,,,,,,,,,,,,,false,blank_heat_rate
2026-09-11,U1,,,,,,,,,,,,,,,,,,false,blank_heat_rate
2026-09-12,U1,,,,,,,,,,,,,,,,,,false,blank_heat_rate
2026-09-13,U1,,,,,,,,,,,,,,,,,,false,blank_heat_rate
2026-09-14,U1,,,,,,,,,,,,,,,,,,false,blank_heat_rate
2026-09-15,U1,,,,,,,,,,,,,,,,,,false,blank_heat_rate
2026-09-16,U1,,,,,,,,,,,,,,,,,,false,blank_heat_rate
2026-09-17,U1,,,,,,,,,,,,,,,,,,false,blank_heat_rate
2026-09-18,U1,,,,,,,,,,,,,,,,,,false,blank_heat_rate
2026-09-19,U1,,,,,,,,,,,,,,,,,,false,blank_heat_rate
2026-09-20,U1,,,,,,,,,,,,,,,,,,false,blank_heat_rate
2026-09-21,U1,,,,,,,,,,,,,,,,,,false,blank_heat_rate
2026-09-22,U1,,,,,,,,,,,,,,,,,,false,blank_heat_rate
2026-09-23,U1,,,,,,,,,,,,,,,,,,false,blank_heat_rate
2026-09-24,U1,,,,,,,,,,,,,,,,,,false,blank_heat_rate
2026-09-25,U1,,,,,,,,,,,,,,,,,,false,blank_heat_rate
2026-09-26,U1,,,,,,,,,,,,,,,,,,false,blank_heat_rate
2026-09-27,U1,,,,,,,,,,,,,,,,,,false,blank_heat_rate
2026-09-28,U1,,,,,,,,,,,,,,,,,,false,blank_heat_rate
2026-09-29,U1,,,,,,,,,,,,,,,,,,false,blank_heat_rate
2026-09-30,U1,,,,,,,,,,,,,,,,,,false,blank_heat_rate
2026-10-01,U1,,,,,,,,,,,,,,,,,,false,blank_heat_rate
2026-10-02,U1,,,,,,,,,,,,,,,,,,false,blank_heat_rate
2026-10-03,U1,,,,,,,,,,,,,,,,,,false,blank_heat_rate
2026-10-04,U1,,,,,,,,,,,,,,,,,,false,blank_heat_rate
2026-10-05,U1,,,,,,,,,,,,,,,,,,false,blank_heat_rate
2026-10-06,U1,,,,,,,,,,,,,,,,,,false,blank_heat_rate
2026-10-07,U1,,,,,,,,,,,,,,,,,,false,blank_heat_rate
2026-10-08,U1,,,,,,,,,,,,,,,,,,false,blank_heat_rate
2026-10-09,U1,,,,,,,,,,,,,,,,,,false,blank_heat_rate
2026-10-10,U1,,,,,,,,,,,,,,,,,,false,blank_heat_rate
2026-10-11,U1,,,,,,,,,,,,,,,,,,false,blank_heat_rate
2026-10-12,U1,,,,,,,,,,,,,,,,,,false,blank_heat_rate
2026-10-13,U1,,,,,,,,,,,,,,,,,,false,blank_heat_rate
2026-10-14,U1,,,,,,,,,,,,,,,,,,false,blank_heat_rate
2026-10-15,U1,,,,,,,,,,,,,,,,,,false,blank_heat_rate
2026-10-16,U1,,,,,,,,,,,,,,,,,,false,blank_heat_rate
2026-10-17,U1,,,,,,,,,,,,,,,,,,false,blank_heat_rate
2026-10-18,U1,,,,,,,,,,,,,,,,,,false,blank_heat_rate
2026-10-19,U1,,,,,,,,,,,,,,,,,,false,blank_heat_rate
2026-10-20,U1,,,,,,,,,,,,,,,,,,false,blank_heat_rate
2026-10-21,U1,,,,,,,,,,,,,,,,,,false,blank_heat_rate
2026-10-22,U1,,,,,,,,,,,,,,,,,,false,blank_heat_rate
2026-10-23,U1,,,,,,,,,,,,,,,,,,false,blank_heat_rate
2026-10-24,U1,,,,,,,,,,,,,,,,,,false,blank_heat_rate
2026-10-25,U1,,,,,,,,,,,,,,,,,,false,blank_heat_rate
2026-10-26,U1,,,,,,,,,,,,,,,,,,false,blank_heat_rate
2026-10-27,U1,,,,,,,,,,,,,,,,,,false,blank_heat_rate
2026-10-28,U1,,,,,,,,,,,,,,,,,,false,blank_heat_rate
2026-10-29,U1,,,,,,,,,,,,,,,,,,false,blank_heat_rate
2026-10-30,U1,,,,,,,,,,,,,,,,,,false,blank_heat_rate
2026-10-31,U1,,,,,,,,,,,,,,,,,,false,blank_heat_rate
2026-11-01,U1,,,,,,,,,,,,,,,,,,false,blank_heat_rate
2026-11-02,U1,,,,,,,,,,,,,,,,,,false,blank_heat_rate
2026-11-03,U1,,,,,,,,,,,,,,,,,,false,blank_heat_rate
2026-11-04,U1,,,,,,,,,,,,,,,,,,false,blank_heat_rate
2026-11-05,U1,,,,,,,,,,,,,,,,,,false,blank_heat_rate
2026-11-06,U1,,,,,,,,,,,,,,,,,,false,blank_heat_rate
2026-11-07,U1,,,,,,,,,,,,,,,,,,false,blank_heat_rate
2026-11-08,U1,,,,,,,,,,,,,,,,,,false,blank_heat_rate
2026-11-09,U1,,,,,,,,,,,,,,,,,,false,blank_heat_rate
2026-11-10,U1,,,,,,,,,,,,,,,,,,false,blank_heat_rate
2026-11-11,U1,,,,,,,,,,,,,,,,,,false,blank_heat_rate
2026-11-12,U1,,,,,,,,,,,,,,,,,,false,blank_heat_rate
2026-11-13,U1,,,,,,,,,,,,,,,,,,false,blank_heat_rate
2026-11-14,U1,,,,,,,,,,,,,,,,,,false,blank_heat_rate
2026-11-15,U1,,,,,,,,,,,,,,,,,,false,blank_heat_rate
2026-11-16,U1,,,,,,,,,,,,,,,,,,false,blank_heat_rate
2026-11-17,U1,,,,,,,,,,,,,,,,,,false,blank_heat_rate
2026-11-18,U1,,,,,,,,,,,,,,,,,,false,blank_heat_rate
2026-11-19,U1,,,,,,,,,,,,,,,,,,false,blank_heat_rate
2026-11-20,U1,,,,,,,,,,,,,,,,,,false,blank_heat_rate
2026-11-21,U1,,,,,,,,,,,,,,,,,,false,blank_heat_rate
2026-11-22,U1,,,,,,,,,,,,,,,,,,false,blank_heat_rate
2026-11-23,U1,,,,,,,,,,,,,,,,,,false,blank_heat_rate
2026-11-24,U1,,,,,,,,,,,,,,,,,,false,blank_heat_rate
2026-11-25,U1,,,,,,,,,,,,,,,,,,false,blank_heat_rate
2026-11-26,U1,,,,,,,,,,,,,,,,,,false,blank_heat_rate
2026-11-27,U1,,,,,,,,,,,,,,,,,,false,blank_heat_rate
2026-11-28,U1,,,,,,,,,,,,,,,,,,false,blank_heat_rate
2026-11-29,U1,,,,,,,,,,,,,,,,,,false,blank_heat_rate
2026-11-30,U1,,,,,,,,,,,,,,,,,,false,blank_heat_rate
2026-12-01,U1,,,,,,,,,,,,,,,,,,false,blank_heat_rate
2026-12-02,U1,,,,,,,,,,,,,,,,,,false,blank_heat_rate
2026-12-03,U1,,,,,,,,,,,,,,,,,,false,blank_heat_rate
2026-12-04,U1,,,,,,,,,,,,,,,,,,false,blank_heat_rate
2026-12-05,U1,,,,,,,,,,,,,,,,,,false,blank_heat_rate
2026-12-06,U1,,,,,,,,,,,,,,,,,,false,blank_heat_rate
2026-12-07,U1,,,,,,,,,,,,,,,,,,false,blank_heat_rate
2026-12-08,U1,,,,,,,,,,,,,,,,,,false,blank_heat_rate
2026-12-09,U1,,,,,,,,,,,,,,,,,,false,blank_heat_rate
2026-12-10,U1,,,,,,,,,,,,,,,,,,false,blank_heat_rate
2026-12-11,U1,,,,,,,,,,,,,,,,,,false,blank_heat_rate
2026-12-12,U1,,,,,,,,,,,,,,,,,,false,blank_heat_rate
2026-12-13,U1,,,,,,,,,,,,,,,,,,false,blank_heat_rate
2026-12-14,U1,,,,,,,,,,,,,,,,,,false,blank_heat_rate
2026-12-15,U1,,,,,,,,,,,,,,,,,,false,blank_heat_rate
2026-12-16,U1,,,,,,,,,,,,,,,,,,false,blank_heat_rate
2026-12-17,U1,,,,,,,,,,,,,,,,,,false,blank_heat_rate
2026-12-18,U1,,,,,,,,,,,,,,,,,,false,blank_heat_rate
2026-12-19,U1,,,,,,,,,,,,,,,,,,false,blank_heat_rate
2026-12-20,U1,,,,,,,,,,,,,,,,,,false,blank_heat_rate
2026-12-21,U1,,,,,,,,,,,,,,,,,,false,blank_heat_rate
2026-12-22,U1,,,,,,,,,,,,,,,,,,false,blank_heat_rate
2026-12-23,U1,,,,,,,,,,,,,,,,,,false,blank_heat_rate
2026-12-24,U1,,,,,,,,,,,,,,,,,,false,blank_heat_rate
2026-12-25,U1,,,,,,,,,,,,,,,,,,false,blank_heat_rate
2026-12-26,U1,,,,,,,,,,,,,,,,,,false,blank_heat_rate
2026-12-27,U1,,,,,,,,,,,,,,,,,,false,blank_heat_rate
2026-12-28,U1,,,,,,,,,,,,,,,,,,false,blank_heat_rate
2026-12-29,U1,,,,,,,,,,,,,,,,,,false,blank_heat_rate
2026-12-30,U1,,,,,,,,,,,,,,,,,,false,blank_heat_rate
2026-12-31,U1,,,,,,,,,,,,,,,,,,false,blank_heat_rate
