日期,煤源_保證_A,煤源_保證_B,煤源_保證_C,煤源_保證_D,用煤量_保證_A,用煤量_保證_B,用煤量_保證_C,用煤量_保證_D,熱值_kcalkg_保證_A,熱值_kcalkg_保證_B,熱值_kcalkg_保證_C,熱值_kcalkg_保證_D,揮發份_pct_保證_A,揮發份_pct_保證_B,揮發份_pct_保證_C,揮發份_pct_保證_D,總水份_pct_保證_A,總水份_pct_保證_B,總水份_pct_保證_C,總水份_pct_保證_D,灰份_pct_保證_A,灰份_pct_保證_B,灰份_pct_保證_C,灰份_pct_保證_D,用煤量合計_保證,發電量_保證_MWh,平均熱值_保證_kcalkg,保證時段發電量_avg_MW,保證時段發電量_max_MW,保證時段發電量_min_MW,燃燒器角度_度,主蒸汽溫度_C,再熱蒸汽溫度_C,溫度Tag_C,原煤耗_g,未燃碳_飛灰保證_pct,熱耗率,SCR入口NOx,SCR入口CO,冷凝器真空度,冷凝器出口水溫_C,燃燒風門開度_A_pct,燃燒風門開度_B_pct,燃燒風門開度_C_pct,燃燒風門開度_D_pct,火上風門開度_FCP,火上風門開度_FCS,火上風門開度_FCT,火上風門開度_FCF
2026-01-02,哈薩克,哈薩克,印尼,印尼,798,790.3125,753.3125,640.96875,6220,6220,6025,6025,38.38,38.38,38.07,38.07,13.1,13.1,16.5,16.5,2.7,2.7,4.4,4.4,2982.59375,8337,6128.84281717884,646.3317277132703,656.0897827148438,630.5867919921875,-29.56735051212482,532.3044892334296,528.1362485214019,387.4447742027449,351.6002415458937,2.4719185784797864,9018.858245400701,91.55410465311913,2400.687665326342,7.63671875,40.28125,60,60,60,60,0.6000000238418579,0.6000000238418579,0.6000000238418579,0.6000000238418579
2026-01-05,哈薩克,哈薩克,印尼,印尼,834.0625,821.125,743.1875,618.3125,6220,6220,6025,6025,38.38,38.38,38.07,38.07,13.1,13.1,16.5,16.5,2.7,2.7,4.4,4.4,3016.6875,8403,6131.992044253838,649.10536033845,659.2796630859375,640.3723754882812,-30,539.3129954710507,535.0517559368998,393.2992824109965,361.6851229319096,3.5644167332152294,9276.025095082723,105.804077246125,2257.848955728333,7.4375,39.80693054199219,60,60,60,60,0.6000000238418579,0.6000000238418579,0.6000000238418579,0.6000000238418579
2026-01-06,哈薩克,哈薩克,印尼,印尼,853.875,803.625,785.25,615.375,6220,6220,6317,6317,38.38,38.38,38.07,38.07,13.1,13.1,14.8,14.8,2.7,2.7,3.97,3.97,3058.125,8431,6264.426118945432,649.7221519684853,657.15283203125,640.0372314453125,-30,538.2892126261654,533.865223902899,395.44194771233043,364.63604995070654,2.9845605462185953,9557.739546302992,110.85797833236323,2334.0906965228874,7.387745380401611,39.53125,60,60,60,60,0.6000000238418579,0.6000000238418579,0.6000000238418579,0.6000000238418579
2026-01-07,哈薩克,哈薩克,印尼,印尼,844.4375,831.8125,758.875,564.75,6220,6220,6317,6317,38.38,38.38,38.07,38.07,13.1,13.1,14.8,14.8,2.7,2.7,3.97,3.97,2999.875,8424,6262.798991624651,649.7354403834819,657.6708374023438,625.673828125,-30,534.956337356079,530.5784250178807,397.9556671416103,354.64460864985847,3.985593700957176,9292.531339230467,113.14969137780339,2486.73564501578,7.375,39.65071105957031,60,60,60,60,0.6000000238418579,0.6000000238418579,0.6000000238418579,0.6000000238418579
2026-01-08,哈薩克,哈薩克,印尼+澳洲,印尼+澳洲,785.8125,775.5,762,608.375,6220,6220,5946,5946,38.38,38.38,32.5,32.5,13.1,13.1,12.45,12.45,2.7,2.7,10.98,10.98,2931.6875,8384,6091.922655467201,648.5208348423014,657.6875,639.29296875,-30,540.8754145076424,536.5145237100872,397.54464952222213,350.17003613800625,3.309014420915382,8938.196613357424,136.77371279317194,2271.1238050277652,7.166162014007568,39,60,60,60,60,0.6000000238418579,0.6000000238418579,0.6000000238418579,0.6000000238418579
2026-01-09,澳洲,澳洲,印尼+澳洲,印尼+澳洲,706.6875,728.375,746.875,609.21875,6327,6327,5946,5946,29.75,29.75,32.5,32.5,10,10,12.45,12.45,13.9,13.9,10.98,10.98,2791.15625,8271,6141.8897186425875,636.8881135828354,658.4151000976562,623.5546875,-30,532.5190262446483,528.5863393473411,383.17805010103234,338.42749435366017,2.7613906749472457,8697.156741231569,145.4210466880652,916.0157953767862,7,38.70588684082031,60,60,60,60,0.6000000238418579,0.6000000238418579,0.6000000238418579,0.6000000238418579
2026-01-10,澳洲,澳洲,印尼+澳洲,印尼+澳洲,749.3125,718.375,741.4375,585.40625,6327,6327,5946,5946,29.75,29.75,32.5,32.5,10,10,12.45,12.45,13.9,13.9,10.98,10.98,2794.53125,8224,6146.101157394464,631.9002840086017,640.8904418945312,617.84375,-29.708180589956754,527.5851866347231,523.9454568430648,376.92110494889613,340.2573897377727,3.563082237007482,8749.83922209248,127.41423917763059,1087.2040122468095,6.887718677520752,38.17464828491211,60,60,60,60,1.100000023841858,1.100000023841858,1.100000023841858,1.100000023841858
2026-01-12,澳洲,澳洲,印尼+澳洲,印尼+澳洲,776.5625,707.4375,735.375,578.0625,6327,6327,5946,5946,29.75,29.75,32.5,32.5,10,10,12.45,12.45,13.9,13.9,10.98,10.98,2797.4375,8211,6148.11497129069,631.1907187069164,644.51611328125,587.5604858398438,-30,527.129580371969,523.5706485059594,373.1576396243673,343.6665068164691,3.891504882336292,8844.822758169486,119.17671326699543,1860.5504678489303,7.654573440551758,40.26847457885742,60,60,60,60,1.100000023841858,1.100000023841858,1.100000023841858,1.100000023841858
2026-01-13,澳洲,澳洲,印尼+澳洲,印尼+澳洲,720.3125,697,730.3125,614.78125,6327,6327,5946,5946,29.75,29.75,32.5,32.5,10,10,12.45,12.45,13.9,13.9,10.98,10.98,2762.40625,8204,6141.480321730375,631.4878379255914,645.0307006835938,574.2820434570312,-30,522.368594395519,518.7790548835002,372.20967150894535,338.82991212182196,3.383757798043548,8708.697187965385,122.71146497347901,1196.8047475778187,6.791477680206299,38.0625,60,60,60,60,1,1,1,1
2026-01-14,澳洲,澳洲,印尼,印尼,716.375,685.75,764.9375,635.5625,6327,6327,6317,6317,29.75,29.75,38.07,38.07,10,10,14.8,14.8,13.9,13.9,3.97,3.97,2802.625,8279,6322.002899067838,637.9883709295326,648.2319946289062,628.771240234375,-30,524.9916121596411,521.4737902066162,372.5575380215419,342.541999334664,4.462213432979752,9060.594607102461,107.29965194330936,1936.7849157042754,6.9375,38.34375,60,60,60,60,1.2000000476837158,1.2000000476837158,1.2000000476837158,1.2000000476837158
2026-01-15,澳洲,澳洲,印尼,印尼,725.4375,701.25,780.9375,623.4375,6327,6327,6317,6317,29.75,29.75,38.07,38.07,10,10,14.8,14.8,13.9,13.9,3.97,3.97,2831.0625,8281,6322.039406583217,636.0906617928039,644.7112426757812,628.7868041992188,-30,524.2879646486875,520.779775387499,371.70322112450987,340.50829013822437,4.535547659202796,9006.875875481792,102.60252436052974,1952.2571531483825,7.010694980621338,38.40625,60,60,60,60,1,1,1,1
2026-01-16,澳洲,澳洲,印尼,印尼,704.8125,684.5,793.625,611.34375,6327,6327,6317,6317,29.75,29.75,38.07,38.07,10,10,14.8,14.8,13.9,13.9,3.97,3.97,2794.28125,8303,6321.971985192972,637.9909670310252,645.037109375,630.0938110351562,-30,527.4125442016446,523.9415282421625,370.93649534257213,339.1466593610945,5.125518231425887,8970.877534352794,98.93687833622384,2313.1891538886193,6.8125,38.03125,60,60,60,60,1.5,1.5,1.5,1.5
2026-01-17,澳洲,澳洲,印尼,印尼,706.5,689.25,804.75,618.625,6327,6327,6317,6317,29.75,29.75,38.07,38.07,10,10,14.8,14.8,13.9,13.9,3.97,3.97,2819.125,8282,6321.95100430098,636.5510349907838,643.9703979492188,627.7102661132812,-30,524.2640161257852,520.7978463264494,371.1770722881322,340.4653406067057,6.130647029990929,9005.713328100055,99.24771844959137,1891.5487668553938,6.90915584564209,38.34375,60,60,60,60,1.5,1.5,1.5,1.5
2026-01-19,澳洲,澳洲,印尼,印尼,715.0625,711.5,738.9375,630.59375,6327,6327,6317,6317,29.75,29.75,38.07,38.07,10,10,14.8,14.8,13.9,13.9,3.97,3.97,2796.09375,8249,6322.101983794356,635.007525041585,644.4970092773438,629.0043334960938,-26.161455293623646,519.9830921676187,516.4890592724047,371.3594296268556,339.0920675639659,4.347947774375438,8969.55652187167,99.00399707007804,1799.5584141612817,7.0625,38.66913986206055,60,60,60,60,1.5,1.5,1.5,1.5
2026-01-20,澳洲,澳洲,印尼,印尼,717.4375,672.0625,758.3125,625.875,6327,6327,6317,6317,29.75,29.75,38.07,38.07,10,10,14.8,14.8,13.9,13.9,3.97,3.97,2773.6875,8193,6322.009576601546,630.6451347331562,643.007568359375,583.9759521484375,-24.88312936653401,519.7320741465394,516.2093006090074,370.9336366152794,338.16269495950195,4.7288825290614875,8944.889637827164,102.36854222061997,1504.4082571364243,7,38.669097900390625,60,60,60,60,1.5,1.5,1.5,1.5
2026-01-21,澳洲,澳洲,印尼,印尼,743.5,726.3125,760.25,613.25,6293,6293,6317,6084.5,29.17,29.17,38.07,37.34,10,10,14.8,14.85,12.74,12.74,3.97,6.19,2843.3125,8257,6254.4475633613965,634.6468319319703,653.640380859375,607.849609375,-27.78961220715629,525.3881285761444,521.914081959352,371.34486652916434,345.2772869715962,7.2138869396334115,9035.129640177023,104.11456446336265,1566.6754258237636,6.8231353759765625,38.25,60,60,60,60,1.5,1.5,1.5,1.5
2026-01-22,澳洲,澳洲,印尼,印尼,715.4375,707.375,742.25,622.125,6293,6293,6084.5,6084.5,29.17,29.17,37.34,37.34,10,10,14.85,14.85,12.74,12.74,6.19,6.19,2787.1875,8112,6190.935755129499,624.7781588269012,638.76171875,607.5391845703125,-25.512535852293045,522.6793388728144,519.2239351748809,369.89961493076424,346.2269133783139,4.88563840738335,8971.469616557624,121.9569023230137,675.1663662254734,6.875,38.13778305053711,60,60,60,60,0.800000011920929,0.800000011920929,0.800000011920929,0.800000011920929
2026-01-23,澳洲,澳洲,印尼,印尼,743.125,740.3125,719.9375,610.90625,6293,6293,6084.5,6084.5,29.17,29.17,37.34,37.34,10,10,14.85,14.85,12.74,12.74,6.19,6.19,2814.28125,8087,6194.402561710916,621.0933727059523,636.8433837890625,608.90478515625,-27.235034742367557,520.4075522135834,516.941679188903,369.91752958603,348.3324588721143,9.93164983116186,9026.23850649076,124.6036624786338,614.8954181744408,6.670625686645508,37.81831741333008,60,60,60,60,1,1,1,1
2026-01-24,澳洲,澳洲,印尼,印尼,820.125,839.5625,658,575.25,6334,6334,6084.5,6084.5,29.42,29.42,37.34,37.34,11.2,11.2,14.85,14.85,11.6,11.6,6.19,6.19,2892.9375,8232,6227.638948300819,634.860002132328,646.6327514648438,621.4393310546875,-30,524.8467125105034,521.3502972513704,376.2800694659791,351.7386591060707,6.2702766845878255,9155.18111641094,118.21460043971884,1040.9489763482127,6.778505325317383,37.875,60,60,60,60,1,1,1,1
2026-01-26,澳洲,澳洲,印尼,印尼,784.1875,717.75,749.1875,649.9375,6334,6334,6084.5,6084.5,29.42,29.42,37.34,37.34,11.2,11.2,14.85,14.85,11.6,11.6,6.19,6.19,2901.0625,8304,6213.671090333283,639.952808116708,651.611328125,633.5440063476562,-30,526.4441539261313,522.9580676754061,380.3211384674346,351.3702831752769,4.196502082319956,9135.847649131243,120.39577130502073,1443.4110520444667,6.7734375,38,60,60,60,60,1,1,1,1
2026-01-27,澳洲,澳洲,印尼,印尼,812.4375,683.6875,740.9375,668,6334,6334,6084.5,6084.5,29.42,29.42,37.34,37.34,11.2,11.2,14.85,14.85,11.6,11.6,6.19,6.19,2905.0625,8309,6212.994029818636,638.2526035942994,645.5635375976562,630.3759155273438,-30,521.9678995716129,518.4933755364217,379.26151935025456,352.7661354449672,6.534467427551238,9171.870749826056,117.85589976683164,1232.598936190831,6.75,37.90083694458008,60,60,60,60,1,1,1,1
2026-01-28,澳洲,澳洲,印尼,印尼,812.5,676.125,734.25,669.8125,6334,6334,6084.5,6084.5,29.42,29.42,37.34,37.34,11.2,11.2,14.85,14.85,11.6,11.6,6.19,6.19,2892.6875,8263,6212.896841172785,634.8231617959259,643.9766845703125,626.7435913085938,-30,520.7632783115597,517.3098101548745,378.870429670307,348.9988853397218,7.330030911443096,9073.750011105012,118.6583896495316,1237.4139951151556,6.783863544464111,37.79967498779297,60,60,60,60,1,1,1,1
2026-01-29,澳洲,澳洲,印尼,印尼,823.25,682.125,712.75,637.625,6334,6334,6084.5,6084.5,29.42,29.42,37.34,37.34,11.2,11.2,14.85,14.85,11.6,11.6,6.19,6.19,2855.75,8257,6216.020988356824,634.9189386782439,644.1572875976562,626.7363891601562,-30,523.1579345234225,519.6729094716559,380.63783381535455,346.50348775115145,5.325410508758228,9009.410288740737,119.30019789475661,1363.6806670712754,6.7734375,37.95033264160156,60,60,60,60,0.800000011920929,0.800000011920929,0.800000011920929,0.800000011920929
2026-01-30,澳洲,澳洲,印尼,印尼,814.8125,684.3125,716.625,664.875,6334,6334,6084.5,6084.5,29.42,29.42,37.34,37.34,11.2,11.2,14.85,14.85,11.6,11.6,6.19,6.19,2880.625,8271,6214.343935777826,635.2352475998042,644.70361328125,627.289794921875,-30,521.5668992202504,518.0437166065016,381.1355983524103,351.0173934753662,8.547760668589335,9127.46581893309,116.9059360030366,1810.5643863067432,6.75,37.83098220825195,60,60,60,60,0.6000000238418579,0.6000000238418579,0.6000000238418579,0.6000000238418579
2026-01-31,澳洲,澳洲,印尼,印尼,808.1875,676.375,700.3125,661.5625,6334,6334,6084.5,6084.5,29.42,29.42,37.34,37.34,11.2,11.2,14.85,14.85,11.6,11.6,6.19,6.19,2846.4375,8253,6214.626989877698,634.179287025081,643.459716796875,625.9317016601562,-30,520.4671421417354,517.0167368401638,379.87242718451154,345.99360042663824,6.140958744112283,8996.86597656823,117.45019994288798,2096.8197599989808,6.69921875,37.76285934448242,60,60,60,60,0.6000000238418579,0.6000000238418579,0.6000000238418579,0.6000000238418579
2026-02-02,澳洲,澳洲,印尼,印尼,855,734.0625,717.6875,717,6334,6334,5858,5858,29.42,29.42,37.64,37.64,11.2,11.2,16.15,16.15,11.6,11.6,7.74,7.74,3023.75,8256,6108.150888797024,633.905549032304,642.9912719726562,619.448974609375,-30,521.0215905230979,517.6060117833755,377.36953454371303,368.01299133910726,5.940796766506503,9407.777798267824,98.49000221506104,1744.4557599314035,6.9661784172058105,38.367801666259766,60,60,60,60,0.6000000238418579,0.6000000238418579,0.6000000238418579,0.6000000238418579
2026-02-03,澳洲,澳洲,印尼,印尼,835,664.125,776.8125,686.0625,6334,6334,5991.5,5991.5,29.42,29.42,37.67,37.67,11.2,11.2,14.9,14.9,11.6,11.6,6.25,6.25,2962,8258,6164.845817859555,634.9129974287184,644.7164306640625,628.77294921875,-30,521.8674317967251,518.3162821503856,380.6847057293748,358.8931718061674,7.408753945687579,9258.58141443065,103.38762153566951,1120.6605895449743,6.784173965454102,37.91910934448242,60,60,60,60,1.399999976158142,1.399999976158142,1.399999976158142,1.399999976158142
2026-02-04,澳洲,澳洲,印尼,印尼,828.0625,697.375,744,680.3125,6334,6334,6131,6131,29.42,29.42,29.85,29.85,11.2,11.2,14.89,14.89,11.6,11.6,4.1,4.1,2949.75,8225,6235.979680481397,631.6589204832111,646.830078125,614.6665649414062,-29.653580324119314,523.9867438587081,520.3560159200292,383.77227837838177,361.90889660699975,7.805464981640268,9442.226490248466,71.51216490357123,1666.2474653434265,6.73756217956543,37.875,60,60,60,60,0.6000000238418579,0.6000000238418579,0.6000000238418579,0.6000000238418579
2026-02-05,澳洲,澳洲,印尼,印尼,843.25,699.9375,715.6875,686.6875,6293,6334,5858,5858,29.17,0,37.64,37.64,10,0,16.15,16.15,12.74,0,7.74,7.74,2945.5625,8240,6095.640179082942,634.9061174709778,653.6173095703125,614.3155517578125,-30,525.7896189189628,522.2849550759396,379.8009084716172,356.17741289547456,5.786008698038081,9081.693053998131,97.95223321946686,1730.1086128117788,6.39935302734375,36.919002532958984,60,60,60,60,0.699999988079071,0.699999988079071,0.699999988079071,0.699999988079071
2026-02-06,澳洲,澳洲,印尼,印尼,802.3125,700.0625,729.5,685.5,6220,6220,5858,5858,29.85,29.85,37.64,37.64,11.9,11.9,16.15,16.15,13.1,13.1,7.74,7.74,2917.375,8254,6044.420926346459,635.0828763761789,641.9400024414062,627.94140625,-30,525.2264970940397,521.7430899929817,374.85746406106387,354.61596026940606,3.6174214912216507,8972.09026226274,102.94034779346202,1971.034328372887,6.66015625,37.53125,60,60,60,60,0.6000000238418579,0.6000000238418579,0.6000000238418579,0.6000000238418579
2026-02-07,澳洲,澳洲,印尼,印尼,790,714.75,728.1875,708.0625,6220,6220,5858,5858,29.85,29.85,37.64,37.64,11.9,11.9,16.15,16.15,13.1,13.1,7.74,7.74,2941,8221,6043.215742944577,632.9295349121094,649.4669799804688,619.433837890625,-30,521.1380533281799,517.6186882467831,373.51421643035184,358.3936795034372,4.228253610374341,9066.29575619035,94.09409910821549,1376.9524981603597,6.618968486785889,37.5625,60,60,60,60,0.800000011920929,0.800000011920929,0.800000011920929,0.800000011920929
2026-02-09,澳洲,澳洲,印尼,印尼,785.375,667.4375,751.4375,757.5,6220,6220,5861,5861,29.85,29.85,38.16,38.16,11.9,11.9,16.78,16.78,13.1,13.1,7.41,7.41,2961.75,8143,6037.098484848485,626.4074660201206,639.4566650390625,611.037109375,-27.06350933133489,514.7278894292729,511.2045641262513,371.2249863568474,363.4721381999059,2.200647560662296,9180.162980607649,102.57209105625786,921.6011938304853,6.57421875,37.34375,60,60,60,60,1,1,1,1
2026-02-10,澳洲,澳洲,印尼,印尼,777.0625,682.0625,777.125,763.0625,6220,6220,5858,5858,29.85,29.85,37.64,37.64,11.9,11.9,16.15,16.15,13.1,13.1,7.74,7.74,2999.3125,8108,6034.108108108108,624.5494362911605,634.967041015625,611.2553100585938,-27.657871295119186,516.148326864023,512.5934619562096,371.1432813951731,371.07598588203354,2.719954878405656,9366.028514559155,101.05759069925683,722.1692708495938,6.737548828125,37.47439956665039,60,60,60,60,1.2000000476837158,1.2000000476837158,1.2000000476837158,1.2000000476837158
2026-02-11,澳洲,澳洲,印尼,印尼,758.375,675.6875,777.25,731.4375,6220,6220,5858,5858,29.85,29.85,37.64,37.64,11.9,11.9,16.15,16.15,13.1,13.1,7.74,7.74,2942.75,8153,6034.410033132274,626.5805244153113,638.2178955078125,617.0330810546875,-28.68337820253104,523.9570320305007,520.4395163845833,370.33767590925214,364.3373920669185,4.193117309549715,9197.951219036699,87.17960384007915,2381.127271393681,6.57421875,37.5625,60,60,60,60,1,1,1,1
2026-02-12,澳洲,澳洲,印尼,印尼,751.75,695.6875,741.875,740.6875,6220,6220,5858,5858,29.85,29.85,37.64,37.64,11.9,11.9,16.15,16.15,13.1,13.1,7.74,7.74,2930,8109,6036.830162116041,622.6139829201467,633.7789916992188,613.5902099609375,-29.966764886665832,522.3305721429302,518.8648266804493,371.11407482410635,362.85358160358163,5.156225354878922,9165.771364468867,92.77426493808132,1649.7594568979405,6.69921875,37.536956787109375,60,60,60,60,1.2999999523162842,1.2999999523162842,1.2999999523162842,1.2999999523162842
2026-02-13,澳洲,澳洲,印尼,印尼,771,688.0625,738.1875,725.8125,6220,6220,5858,5858,29.85,29.85,37.64,37.64,11.9,11.9,16.15,16.15,13.1,13.1,7.74,7.74,2923.0625,8020,6038.694263294063,619.8799755359854,631.9848022460938,605.69775390625,-30,522.7301329785905,519.20640735675,372.0703702137809,365.49992966167264,0,9240.754125553914,94.25947840418308,1511.0696296008957,6.846402168273926,37.80519485473633,60,60,60,60,1.2000000476837158,1.2000000476837158,1.2000000476837158,1.2000000476837158
2026-02-14,澳洲,澳洲,印尼,印尼,770.4375,684.375,731.3125,652.625,6220,6220,5864,5864,29.85,29.85,38.67,38.67,11.9,11.9,17.4,17.4,13.1,13.1,7.08,7.08,2838.75,7833,6046.444121532365,600.1336465430686,637.6742553710938,554.4027099609375,-30,524.026776325977,520.5782548362946,368.85298948946513,364.3733111619206,0,9216.585962447169,101.05579592809653,875.5424985470979,8.91015625,42.76290512084961,60,60,60,60,1.2999999523162842,1.2999999523162842,1.2999999523162842,1.2999999523162842
2026-02-16,澳洲,澳洲,澳洲,,278.875,212.8125,235.4375,,6220,6220,6220,,29.85,29.85,29.85,,11.9,11.9,11.9,,13.1,13.1,13.1,,931.5,2511,4855.305958132045,192.8873086097505,620.3671875,-0.298828125,-12.391304347826088,354.3728491741678,351.99604889072117,263.5106937769429,365.7672260361048,0,7547.049572845156,41.937366641695846,201.6031767511002,6.823192119598389,37.82526779174805,60,60,60,60,1.100000023841858,1.100000023841858,1.100000023841858,1.100000023841858
2026-03-25,澳洲,澳洲,,,324.5625,224.375,,,6303,6303,,,27.93,27.93,,,11,11,,,12.14,12.14,,,619.125,1713,5588.456390066626,131.6879819277531,417.5625,-0.298828125,-20.01563356843446,417.5725721666575,415.7003230414427,276.15162003070805,361.4273204903678,0,8450.930305604203,49.76229251681082,96.98107627224739,101.03515625,34.612144470214844,60,60,60,60,1,1,1,1
2026-03-26,澳洲,印尼,印尼,印尼,731.125,642,735.1875,476,6303,5854,5854,5854,27.93,38.76,38.76,38.76,11,15.82,15.82,15.82,12.14,4.77,4.77,4.77,2584.3125,6943,5981.0260949478825,534.5220617894322,645.0386352539062,397.0660095214844,-28.58875663445124,514.5907273938893,511.19054235277883,362.6561429933514,372.7639000805802,1.8950226597905981,9322.966708501208,85.92972022249266,364.24445919612486,5.93113899230957,34.8125,60,60,60,60,1,1,1,1
2026-03-27,澳洲,印尼,印尼,印尼,693.25,687.125,851.875,820.5625,6220,5854,5854,5854,29.85,38.76,38.76,38.76,11.9,15.82,15.82,15.82,13.1,4.77,4.77,4.77,3052.8125,8267,5937.113358583274,636.3926329942005,665.495849609375,577.479248046875,-30,530.4169526941636,526.655407995824,383.6443399492737,370.22083333333336,7.52,9200.413424666667,140.39437376446736,981.4398806247565,6.9609375,37.84375,60,60,60,60,0.699999988079071,0.699999988079071,0.699999988079071,0.699999988079071
2026-03-28,澳洲,澳洲,印尼,印尼,697.75,626.875,781.5,837.6875,6220,6220,5854,5854,29.85,29.85,38.76,38.76,11.9,11.9,15.82,15.82,13.1,13.1,4.77,4.77,2943.8125,8211,6018.688732723297,631.7742419620914,654.1611328125,568.0211791992188,-30,528.1249271792828,524.3340054485194,385.7596838285246,358.42667685966893,4.39,9023.479797380842,340.7495140017146,453.40022215391974,6.459989547729492,36.51266098022461,60,60,60,60,0.800000011920929,0.800000011920929,0.800000011920929,0.800000011920929
2026-03-30,澳洲,印尼,印尼,印尼,796.0625,605.6875,732.875,835.125,6277,6131,6131,5854,30.31,38.73,38.73,38.76,11,14.89,14.89,15.82,12.14,4.1,4.1,4.77,2969.75,8282,6092.241013553329,637.0955928402484,667.7906494140625,584.4525146484375,-30,530.8470021903972,527.1813338882173,382.04837378030993,363.2804512303183,2.71,9258.810025696952,378.07120054886053,701.0389616788195,6.806769847869873,37.3565788269043,60,60,60,60,1,1,1,1
2026-03-31,澳洲,印尼,印尼,印尼,746.625,717.625,821.625,796.5625,6277,6131,6131,5854,30.31,38.73,38.73,38.76,11,14.89,14.89,15.82,12.14,4.1,4.1,4.77,3082.4375,8542,6094.781727123421,657.769689691646,675.5040283203125,645.0385131835938,-29.932627504743884,532.4278629234685,528.6222236028412,392.56055112872895,364.3010333398323,5.48,9291.569972509262,382.23214901194854,717.4471366082311,7.156313896179199,38.36497497558594,60,60,60,60,0.800000011920929,0.800000011920929,0.800000011920929,0.800000011920929
2026-04-01,澳洲,印尼,印尼,印尼,795.9375,720.75,850.6875,824,6277,6131,6131,5854,30.31,38.73,38.73,38.76,11,14.89,14.89,15.82,12.14,4.1,4.1,4.77,3191.375,8564,6095.892522815401,658.8855820287524,678.2854614257812,623.27294921875,-29.908266828493083,533.533175026974,529.5882048545895,397.0921721007208,372.07037616533023,5.0639448453544995,9492.753676869419,188.3904200892924,1408.7045826436308,7.291334629058838,38.82534408569336,60,60,60,60,0.800000011920929,0.800000011920929,0.800000011920929,0.800000011920929
2026-04-02,印尼,印尼,印尼,印尼,882.3125,667.875,805.6875,790.6875,5854,6131,6131,6131,38.76,38.73,38.73,38.73,15.82,14.89,14.89,14.89,4.77,4.1,4.1,4.1,3146.5625,8574,6053.32775846658,659.688820451117,670.7171020507812,650.3527221679688,-30,535.1023984943205,530.998959436441,401.40566649766225,367.58719968230855,2.9243099074566894,9307.785100337547,96.87624735722457,1677.2172649803065,7.4501800537109375,39.200279235839844,60,60,60,60,0.800000011920929,0.800000011920929,0.800000011920929,0.800000011920929
2026-04-04,澳洲,澳洲,澳洲,澳洲,269,115.5625,71.6875,23.9375,6277,6277,6277,6277,30.31,30.31,30.31,30.31,11,11,11,11,12.14,12.14,12.14,12.14,480.1875,1144,6277,88.01256993803602,560.1314086914062,-0.298828125,-24.01169753440506,360.61699737002476,358.6036760861916,244.26691207495492,419.7443181818182,,11023.73159659091,46.411510810248636,74.96490787789035,5.2237372398376465,31.65625,60,60,60,60,0.6000000238418579,0.6000000238418579,0.6000000238418579,0.6000000238418579
2026-04-06,印尼,印尼,印尼,印尼,707.3125,593.6875,705.5625,769,5905,5905,5905,5905,37.21,37.21,37.21,37.21,16.3,16.3,16.3,16.3,8.01,8.01,8.01,8.01,2775.5625,7708,5905,592.4883632025756,663.8192138671875,531.457763671875,-30,530.8306208852002,526.909356509938,388.386771902099,358.5791577641464,4.2966518802394456,8859.243132883037,127.02178349214442,940.1824521213541,7.575164318084717,39.34375,60,60,60,60,0.8999999761581421,0.8999999761581421,0.8999999761581421,0.8999999761581421
2026-04-07,印尼,印尼,印尼,印尼,674.1875,593.4375,799.9375,788.5,5905,5905,5905,5905,37.21,37.21,37.21,37.21,16.3,16.3,16.3,16.3,8.01,8.01,8.01,8.01,2856.0625,7436,5905,572.1345717486213,636.0975341796875,536.759521484375,-30,531.3112843701297,527.5020949419807,384.0642669365534,384.52669902912623,1.883689217252435,9500.31658009709,158.2122364288096,381.30704445119403,6.762709617614746,37.8125,60,60,60,60,0.699999988079071,0.699999988079071,0.699999988079071,0.699999988079071
2026-04-08,印尼,印尼,印尼,印尼,849.75,639.5625,766.1875,817.6875,5854,5854,5854,5854,38.76,38.76,38.76,38.76,15.82,15.82,15.82,15.82,4.77,4.77,4.77,4.77,3073.1875,8248,5854,633.0975482287005,658.7423095703125,613.5994873046875,-30,532.9063716020121,528.7930953081916,394.24728639412416,373.7445959428001,2.862285344020778,9154.177217692051,105.13922125970007,1920.8134784259455,7.34660530090332,38.830772399902344,60,60,60,60,1.2000000476837158,1.2000000476837158,1.2000000476837158,1.2000000476837158
2026-04-09,印尼+澳洲,印尼+澳洲,印尼+澳洲,印尼+澳洲,775.8125,648,793.9375,796.1875,6065.5,6065.5,6065.5,6065.5,34.54,34.54,34.54,34.54,13.41,13.41,13.41,13.41,8.46,8.46,8.46,8.46,3013.9375,8165,6065.5,629.9769057642163,656.6160278320312,608.5979614257812,-30,532.122047599929,528.1754074682055,393.71255255111345,363.7372243141474,4.210355785136554,9230.942192980097,112.2388798940517,2058.2601072111397,7.340867519378662,38.9375,60,60,60,60,0.6000000238418579,0.6000000238418579,0.6000000238418579,0.6000000238418579
2026-04-10,澳洲,印尼,印尼,印尼,745.4375,620.3125,769.5625,761.4375,6277,5905,5905,5905,30.31,37.21,37.21,37.21,11,16.3,16.3,16.3,12.14,8.01,8.01,8.01,2896.75,8135,6000.728920341762,625.7654259723166,642.1536865234375,608.9508666992188,-30,532.7048218085638,528.7279005123831,395.53063785328584,360.86553245537806,5.108745421999831,9060.96893405308,142.8470949821765,452.08378301069257,7.416294574737549,39.15625,60,60,60,60,0.6000000238418579,0.6000000238418579,0.6000000238418579,0.6000000238418579
2026-04-13,澳洲,澳洲,印尼,印尼,736.6875,629.9375,768.6875,819.625,6277,6277,5905,5905,30.31,30.31,37.21,37.21,11,11,16.3,16.3,12.14,12.14,8.01,8.01,2954.9375,8182,6077.045770849637,630.7069169066447,666.5859375,599.9913330078125,-30,523.1925243172805,519.5129118233996,388.69295761225476,360.2264297275425,4.552341953110245,9160.036148536554,136.9263793281887,521.7584976040189,7.598634719848633,39.6875,60,60,60,60,1.2999999523162842,1.2999999523162842,0.6000000238418579,1.2999999523162842
2026-04-14,澳洲,澳洲,印尼,印尼,759.375,629.75,731.1875,717.0625,6277,6277,5905,5905,30.31,30.31,37.21,37.21,11,11,16.3,16.3,12.14,12.14,8.01,8.01,2837.375,7730,6087.124146438169,592.5150895765065,649.2900390625,542.2874145507812,-30,518.6367510237047,514.9116176205218,381.6692150535486,367.84424735329173,5.0816307972654196,9362.941313713805,132.47895557374295,445.7614464381772,7.82421875,40.28125,60,60,60,60,1,1,0.6000000238418579,1
2026-04-15,澳洲,澳洲,印尼,印尼,740.6875,705.75,763.25,719.625,6277,6277,5905,5905,30.31,30.31,37.21,37.21,11,11,16.3,16.3,12.14,12.14,8.01,8.01,2929.3125,7915,6088.686359854061,616.0507250539482,662.577880859375,518.7069702148438,-30,523.1934903430207,519.4781446530081,386.2512777967526,372.3613595706619,2.3040335083300367,9482.357278855097,125.46218013787009,835.094793651415,7.215798854827881,38.79961395263672,60,60,60,60,1,1,1,1
2026-04-16,澳洲,澳洲,印尼,印尼,732.4375,778.4375,798.5625,741.875,6277,6277,5905,5905,30.31,30.31,37.21,37.21,11,11,16.3,16.3,12.14,12.14,8.01,8.01,3051.3125,8362,6089.197947604514,645.7350739383942,663.0952758789062,621.4329833984375,-30,526.226980302035,522.5115192540161,390.1154479590218,363.30516369443706,3.7122053994618724,9254.052554032472,95.67313516018031,780.1932038407192,8.090189933776855,40.70591735839844,60,60,60,60,1,1,0.800000011920929,1
2026-04-17,澳洲,澳洲,印尼,印尼,755.4375,809.0625,775.375,727.4375,6277,6277,5905,5905,30.31,30.31,37.21,37.21,11,11,16.3,16.3,12.14,12.14,8.01,8.01,3067.3125,8408,6094.740693196406,647.2964276950378,660.7384033203125,627.7011108398438,-30,527.725050982307,524.0298669527253,389.29927422018613,365.1793973833752,3.3113531395613593,9310.01945123563,28.751992505834536,337.92102786403177,7.843364715576172,40.03125,60,60,60,60,1,1,1,1
2026-04-18,澳洲,澳洲,印尼,印尼,769.25,821.125,775.25,683.9375,6277,6277,5905,5905,30.31,30.31,37.21,37.21,11,11,16.3,16.3,12.14,12.14,8.01,8.01,3049.5625,8433,6099.001434632017,649.8098887567935,661.5039672851562,636.644775390625,-30,527.1792836689278,523.4941858159916,389.36959920819766,363.139074365017,4.197525265299623,9263.74317160906,66.24373324264955,1043.0844593145657,7.88671875,40.4871940612793,60,60,60,60,1,1,1,1
2026-04-20,澳洲,澳洲,印尼,印尼,779.125,748.875,735.4375,760.3125,6277,6277,5905,5905,30.31,30.31,37.21,37.21,11,11,16.3,16.3,12.14,12.14,8.01,8.01,3023.75,8368,6092.983794956594,646.3591051809013,665.7349243164062,630.366943359375,-30,521.7770011492092,518.2295483055017,386.64854357004776,359.10390378548897,4.725260779859011,9158.032230481072,95.17951858013183,2040.0837691519266,8.109375,40.737178802490234,60,60,60,60,0.800000011920929,0.800000011920929,1,0.800000011920929
2026-04-21,澳洲,澳洲,印尼,印尼,769.1875,804.6875,729.75,716.5,6277,6277,5905,5905,30.31,30.31,37.21,37.21,11,11,16.3,16.3,12.14,12.14,8.01,8.01,3020.125,8439,6098.860022350068,649.9816216276125,659.8983764648438,638.9588623046875,-30,526.0804900732796,522.5060453683215,385.4032180278807,360.2756253398586,5.414612961094917,9179.462477229472,88.85486057408326,1906.3074850097032,8.109375,40.84938049316406,60,60,60,60,1,1,1,1
2026-04-22,澳洲,澳洲,印尼,印尼,824.875,874.9375,785.8125,754,6277,6277,5905,5905,30.31,30.31,37.21,37.21,11,11,16.3,16.3,12.14,12.14,8.01,8.01,3239.625,8437,6100.18624840838,649.8667875714315,662.5739135742188,638.966064453125,-30,524.7127130610863,521.0592349313409,385.234367390118,374.0614390180204,3.9250805011497167,9547.074440650304,92.29320500756774,1285.8300996082824,8.155957221984863,40.90625,60,60,60,60,1,1,1,1
2026-04-23,澳洲,澳洲,印尼,印尼,839.625,870.25,848.25,769.9375,6277,6277,5905,5905,30.31,30.31,37.21,37.21,11,11,16.3,16.3,12.14,12.14,8.01,8.01,3328.0625,8399,6096.124265244418,647.6407945247562,661.796875,606.9945678710938,-30,522.3207253848805,518.701945546338,382.2995054435242,395.61505467880295,4.096987186915706,10091.738596588304,94.41250943295334,1271.5382539207674,7.984375,40.65625,60,60,60,60,1,1,1,1
2026-04-24,澳洲,澳洲,印尼,印尼,887.875,889.25,889.9375,777.3125,6277,6277,5905,5905,30.31,30.31,37.21,37.21,11,11,16.3,16.3,12.14,12.14,8.01,8.01,3444.375,8449,6096.9333696243875,650.0265091605809,666.039306640625,621.4346313476562,-30,522.57427307285,518.9447923352956,381.57856820733343,407.686406372421,2.769376259165985,10401.58459473753,97.13861398427578,1319.304261419779,8.046875,40.76837158203125,60,60,60,60,0.6000000238418579,1,1,0.6000000238418579
2026-04-25,澳洲,澳洲,印尼,印尼,874.625,865,825.5,769.25,6277,6277,5905,5905,30.31,30.31,37.21,37.21,11,11,16.3,16.3,12.14,12.14,8.01,8.01,3334.375,8450,6099.081499531397,649.8842445627198,659.279541015625,635.1660766601562,-30,526.3101905764216,522.529087466657,381.9389957515785,394.23547650130547,2.790837607646071,10061.858107996086,104.28031792604101,808.5866392677093,7.825310707092285,40.1065673828125,60,60,60,60,0.8999999761581421,0.8999999761581421,1,0.8999999761581421
2026-04-27,澳洲,澳洲,印尼,印尼,870.1875,839.4375,837.5,814.4375,6277,6277,5905,5905,30.31,30.31,37.21,37.21,11,11,16.3,16.3,12.14,12.14,8.01,8.01,3361.5625,8428,6094.191930835735,649.6056986074618,666.0393676757812,636.644287109375,-30,521.7250417723985,518.0635100850059,380.6147771186536,398.25248593484235,5.984139235617162,10157.129745420645,101.26954428436201,914.0040856383341,8.124285697937012,40.84375,60,60,60,60,1.2999999523162842,1.2999999523162842,1,1.2999999523162842
2026-04-28,澳洲,澳洲,印尼,印尼,808.4375,810,785.8125,749.125,6277,6277,5905,5905,30.31,30.31,37.21,37.21,11,11,16.3,16.3,12.14,12.14,8.01,8.01,3153.375,8448,6095.9251991913425,649.6674097553848,659.48046875,639.5140380859375,-30,522.0954674918329,518.3823641023367,378.98748709051813,383.78651538862806,4.362617280907788,9790.069875065208,98.22865608586069,1256.3370234106508,8.075175285339355,40.9375,60,60,60,60,1,1,1,1
2026-04-29,澳洲,澳洲,印尼,印尼,814.9375,815.75,768.25,754.5625,6277,6277,5905,5905,30.31,30.31,37.21,37.21,11,11,16.3,16.3,12.14,12.14,8.01,8.01,3153.5,8410,6097.36269224671,649.1417083349984,668.3068237304688,607.5267944335938,-30,522.8578164961637,519.1380712796965,377.85832827048534,371.9328665837859,4.764326651865192,9485.647338349801,92.34496861528558,2299.266106568944,7.94921875,40.35664367675781,60,60,60,60,1,1,1,1
2026-04-30,澳洲,澳洲,印尼,印尼,802.5625,809.25,759.6875,760.1875,6277,6277,5905,5905,30.31,30.31,37.21,37.21,11,11,16.3,16.3,12.14,12.14,8.01,8.01,3131.6875,8372,6096.460434669807,644.474287106253,662.346923828125,592.3488159179688,-30,519.836586447323,516.062718110926,377.4859510651025,372.0978032096817,5.59137855381721,9493.323077019208,102.50131902670311,1646.2398646225404,8.06498908996582,40.65625,60,60,60,60,1,1,1,1
2026-05-01,澳洲,澳洲,印尼,印尼,782.375,810.8125,735.1875,739.3125,6387,6387,5905,5905,29.79,29.79,37.21,37.21,9.8,9.8,16.3,16.3,12.4,12.4,8.01,8.01,3067.6875,8030,6155.32418556323,619.5492058873482,653.96875,603.3780517578125,-30,508.23365807106427,504.55766671027067,373.4759018061411,378.33180147058823,5.294878788419527,9749.80848635464,104.95057143579663,1605.241019012373,8.040290832519531,40.84375,60,60,60,60,1.100000023841858,1.100000023841858,1,1.100000023841858
2026-05-04,澳洲,澳洲,印尼,印尼,791.1875,840.125,758.4375,761.875,6387,6387,5905,5905,29.79,29.79,37.21,37.21,9.8,9.8,16.3,16.3,12.4,12.4,8.01,8.01,3151.625,8420,6154.488002221076,646.6949140543828,660.734130859375,612.7155151367188,-30,517.2737827154682,513.6555733839265,375.40190650070525,374.3311533888228,4.668907273502846,9639.438186087991,98.08905092793756,1548.165758450013,7.830767631530762,40.268524169921875,60,60,60,60,1,1,1,1.2000000476837158
2026-05-05,澳洲,澳洲,澳洲,印尼,783.125,827.625,743.875,745.375,6387,6387,6387,5905,29.79,29.79,29.79,37.21,9.8,9.8,9.8,16.3,12.4,12.4,12.4,8.01,3100,8464,6271.106209677419,650.0285749118347,659.906982421875,638.7637939453125,-30,521.4474548183744,517.8057099949673,375.99423592413785,365.5757200573439,5.671907389742173,9514.493874038837,106.20790831817081,956.1303344492412,8.090320587158203,40.900901794433594,60,60,60,60,1.399999976158142,1.399999976158142,1,1.399999976158142
2026-05-06,澳洲,澳洲,澳洲,印尼,789.25,764.75,733.875,700.4375,6387,6387,6387,5905,29.79,29.79,29.79,37.21,9.8,9.8,9.8,16.3,12.4,12.4,12.4,8.01,2988.3125,8459,6274.02290172129,649.8765997142743,658.21875,638.7650756835938,-30,524.6547014865729,521.0433342194618,375.86571122191447,361.37319123973407,6.377298089253039,9405.375732727156,99.87944061981747,1195.669649519274,8.13671875,40.987308502197266,60,60,60,60,1.5,1.5,1,1.5
2026-05-07,澳洲,澳洲,澳洲,印尼,777.8125,753.0625,723.75,674.75,6387,6387,6387,5905,29.79,29.79,29.79,37.21,9.8,9.8,9.8,16.3,12.4,12.4,12.4,8.01,2929.375,8456,6275.976488158737,649.92873263542,665.5101318359375,640.88671875,-30,525.0525112298443,521.4934889849494,377.11561256662355,350.5635112212944,5.999005190724995,9126.629362115085,98.95911370122523,979.2864964185163,8.184398651123047,41.206024169921875,60,60,60,60,1.5,1.5,1,1.5
2026-05-08,澳洲,澳洲,澳洲,印尼,762.5,788.0625,732.4375,681.4375,6387,6387,6387,5905,29.79,29.79,29.79,37.21,9.8,9.8,9.8,16.3,12.4,12.4,12.4,8.01,2964.4375,8456,6276.202293858447,649.8587970392174,661.5038452148438,636.63818359375,-30,523.6728222156729,520.1911262063419,376.96690497434963,351.4076356285863,6.5800090684390655,9103.216918133803,80.43264426298612,1163.0697977597756,8.340340614318848,41.387672424316406,60,60,60,60,1.100000023841858,1.100000023841858,1.100000023841858,1.100000023841858
2026-05-09,澳洲,澳洲,澳洲,印尼,747.8125,657.125,722.3125,659.3125,6257,6257,6257,5905,26.2,26.2,26.2,37.21,9.4,9.4,9.4,16.3,13.85,13.85,13.85,8.01,2786.5625,8126,6173.715307838959,627.5720843146829,658.7529296875,588.3958129882812,-30,513.9606693980029,510.4534507029502,373.98924910991695,345.2951740009764,6.8206639476933235,8909.812717414046,86.61756728212242,1017.8033685611032,8.343483924865723,41.3125,60,60,60,60,1,1,1,1
2026-05-11,澳洲,澳洲,澳洲,印尼,725.375,724.3125,684.375,714.625,6387,6387,6387,6070,29.79,29.79,29.79,37.46,9.8,9.8,9.8,15.9,12.4,12.4,12.4,4.78,2848.6875,8417,6307.477017924922,648.8862983723126,662.033447265625,598.9337158203125,-30,526.084659273972,522.4848578177449,376.674924065085,342.14638696164417,6.2874803015021135,8933.812931306453,122.66937957883187,1106.6818901608362,8.506693840026855,41.75542449951172,60,60,60,60,0.800000011920929,0.800000011920929,1,0.800000011920929
2026-05-12,澳洲,澳洲,澳洲,印尼,677.4375,689.3125,677.125,742,6257,6257,6257,6070,26.2,26.2,26.2,37.46,9.4,9.4,9.4,15.9,13.85,13.85,13.85,4.78,2785.875,8472,6207.1937452326465,650.4035205109345,661.2705078125,639.4978637695312,-30,524.2551706611653,520.6653407650531,376.0167303060937,335.7612169036129,6.645009902559592,8688.852877037956,126.50412190234874,736.1864751245055,8.359375,41.512760162353516,60,60,60,60,0.6000000238418579,0.6000000238418579,1,0.6000000238418579
2026-05-13,澳洲,澳洲,澳洲,印尼,661.3125,663.5,668.5625,749.5625,6257,6257,6257,6070,26.2,26.2,26.2,37.46,9.4,9.4,9.4,15.9,13.85,13.85,13.85,4.78,2742.9375,8444,6205.898512087862,650.130766027114,660.2224731445312,639.8368530273438,-30,526.4107449036425,522.7623507214324,376.40221367955513,331.32722102373015,8.012374687102126,8572.062671210044,123.41887288203324,689.0790669863181,8.4375,41.5625,60,60,60,60,0.800000011920929,0.800000011920929,1,0.800000011920929
2026-05-14,澳洲,澳洲,澳洲,印尼,675.375,667.8125,663.4375,746.5625,6257,6257,6257,6070,26.2,26.2,26.2,37.46,9.4,9.4,9.4,15.9,13.85,13.85,13.85,4.78,2753.1875,8462,6206.29252457379,649.9164472418978,658.74267578125,642.16845703125,-30,525.4185173639556,521.8400053916989,376.29093222849815,330.55320258030883,10.652798433443582,8553.074388610152,123.7000992231052,799.0570204947,8.626025199890137,42.125,60,60,60,60,0.8999999761581421,0.8999999761581421,1,0.8999999761581421
2026-05-15,澳洲,澳洲,澳洲,印尼,653.9375,660.8125,671.5625,762.625,6257,6257,6257,6070,26.2,26.2,26.2,37.46,9.4,9.4,9.4,15.9,13.85,13.85,13.85,4.78,2748.9375,8402,6205.121456017097,645.7135780119835,657.150390625,633.7841186523438,-30,524.8216676053489,521.2022609076537,375.0960194619415,333.48002763885233,12.717673733521124,8627.947416886023,122.50030352697348,767.0805218981965,8.72265625,42.112022399902344,60,60,60,60,0.800000011920929,0.800000011920929,1,0.800000011920929
2026-05-16,澳洲,澳洲,澳洲,印尼,656.1875,662.5625,687,793.0625,6257,6257,6257,6070,26.2,26.2,26.2,37.46,9.4,9.4,9.4,15.9,13.85,13.85,13.85,4.78,2798.8125,8448,6204.0122819945955,650.019593065657,657.1629028320312,640.5546875,-30,524.5915796616498,520.9619843856148,374.5093036856493,335.1162068514644,7.82877926032707,8667.984881145398,111.30895172665491,1805.2293600877533,8.672607421875,42.20582962036133,60,60,60,60,0.800000011920929,0.8999999761581421,1,0.800000011920929
2026-05-18,澳洲,澳洲,澳洲,印尼,685.0625,672.375,637.4375,793.625,6257,6257,6257,6070,26.2,26.2,26.2,37.46,9.4,9.4,9.4,15.9,13.85,13.85,13.85,4.78,2788.5,8428,6203.778599605523,649.9042468449039,659.9059448242188,640.5724487304688,-30,526.5478036397558,522.9539759799343,373.2692543673698,334.4707384131972,8.45280324768563,8672.757844920137,119.9176958479235,1727.8249510157748,8.643959999084473,42.03125,60,60,60,60,0.800000011920929,1,1,0.800000011920929
2026-05-19,澳洲,澳洲,澳洲,印尼,694.5625,718.8125,691.5,761.3125,6257,6257,6257,6070,26.2,26.2,26.2,37.46,9.4,9.4,9.4,15.9,13.85,13.85,13.85,4.78,2866.1875,8450,6207.32933557208,650.0010509442186,667.3430786132812,618.04638671875,-30,527.1412501810762,523.5614254066096,373.00500741943983,340.796568627451,3.3708255538286473,8841.377777091506,125.890316029034,1685.2724062634245,8.43700122833252,41.75,60,60,60,60,0.6000000238418579,0.6000000238418579,1,0.6000000238418579
2026-05-20,澳洲,澳洲,印尼,印尼,794.1875,731.6875,747.4375,753.4375,6387,6387,6070,6070,29.79,29.79,37.46,37.46,9.8,9.8,15.9,15.9,12.4,12.4,4.78,4.78,3026.75,8447,6229.809159990088,649.9294624035925,664.160888671875,629.3074951171875,-30,528.0234510807126,524.4516854444734,367.7348628519746,357.21757322175733,6.552084370046806,9289.973264840484,100.88751981691327,1570.4666700533894,8.72265625,42.15625,60,60,60,60,0.8999999761581421,0.8999999761581421,1,0.8999999761581421
2026-05-21,澳洲,澳洲,印尼,印尼,374.9375,313.9375,248.25,233.5,6387,6387,6070,6070,29.79,29.79,37.46,37.46,9.8,9.8,15.9,15.9,12.4,12.4,4.78,4.78,1170.625,3249,6256.5442605445805,249.8600105921002,660.205078125,-0.298828125,-30,373.6280435040174,371.1109925096907,267.9514928656771,359.550421010425,6.337890319194148,9388.496436597834,44.54887555957855,530.8558456147723,8.598206520080566,42.04969787597656,60,60,60,60,1,1,1,1
2026-05-25,澳洲,澳洲,印尼,印尼,790.3125,703.5,751.3125,724.375,6387,6387,6070,6070,29.79,29.79,37.46,37.46,9.8,9.8,15.9,15.9,12.4,12.4,4.78,4.78,2969.5,8449,6229.467439804681,649.9122782753557,659.4705810546875,640.5597534179688,-30,528.1384204757184,524.7021554620064,372.99360606005735,352.12042653101156,5.091114393669551,9148.810143416162,109.19145380200632,1295.9325710599076,8.721845626831055,42.244503021240234,60,60,60,60,1,1,1,1
2026-05-26,澳洲,澳洲,印尼,印尼,771.4375,677.3125,763.875,739.625,6387,6387,6115,6115,29.79,29.79,38.18,38.18,9.8,9.8,16,16,12.4,12.4,4.25,4.25,2952.25,8441,6248.477855872639,649.7939497613542,667.1138305664062,626.981689453125,-30,522.6561713645525,519.1688344033478,372.7767207933509,348.0157302635882,6.456743537848208,9057.362352442933,123.43106209835433,1048.682540835017,8.598332405090332,42.0625,60,60,60,60,0.6000000238418579,0.6000000238418579,1,0.6000000238418579
2026-05-27,澳洲,澳洲,印尼,印尼,740.6875,674.125,721.0625,728.875,6387,6387,6115,6115,29.79,29.79,38.18,38.18,9.8,9.8,16,16,12.4,12.4,4.25,4.25,2864.75,8451,6249.332489746052,649.5144825810971,662.8738403320312,637.6741333007812,-30,526.167414204239,522.7430127234105,372.11132418347137,339.365355817436,6.326384528436035,8832.820446871541,118.77838452819668,1253.925373848137,8.784677505493164,42.21875,60,60,60,60,0.6000000238418579,0.6000000238418579,1,0.6000000238418579
2026-05-28,澳洲,澳洲,印尼,印尼,773.875,679.4375,703.625,710.375,6387,6387,6115,6115,29.79,29.79,38.18,38.18,9.8,9.8,16,16,12.4,12.4,4.25,4.25,2867.3125,8432,6252.864638053927,649.8343209269102,669.3934936523438,622.520263671875,-30,525.1154038997562,521.6685001929397,372.87216108473365,340.26051547066135,7.573456404768309,8852.410035994637,118.1819704841165,1258.910057292265,8.688641548156738,42.26850509643555,60,60,60,60,0.6000000238418579,0.6000000238418579,1,0.6000000238418579
2026-05-29,澳洲,澳洲,印尼,印尼,776.5,690.875,700.9375,734.875,6387,6387,6092.5,6092.5,29.79,29.79,37.82,37.82,9.8,9.8,15.95,15.95,12.4,12.4,4.52,4.52,2903.1875,8450,6241.350853587652,649.5574542189498,662.5398559570312,623.789794921875,-30,522.8647501523537,519.4557026426505,372.67581465543077,343.927313637253,6.604125724187586,8937.960866855801,115.99848806278784,1415.3100177930748,8.97265625,42.75,60,60,60,60,0.800000011920929,0.800000011920929,1,0.800000011920929
2026-05-30,澳洲,澳洲,印尼,印尼,792.6875,684.4375,700.3125,733.625,6387,6387,6092.5,6092.5,29.79,29.79,37.82,37.82,9.8,9.8,15.95,15.95,12.4,12.4,4.52,4.52,2911.0625,8446,6241.934549241042,649.694562751009,661.8013305664062,638.4271850585938,-30,523.5866895124431,520.1625883292664,372.8657082560117,345.2016814969903,7.29083376941823,8971.03391083813,118.49299378651182,1540.133944187018,8.909756660461426,42.65625,60,60,60,60,0.800000011920929,0.800000011920929,1,0.800000011920929
2026-06-01,澳洲,澳洲,印尼,印尼,938.25,822.4350000000559,774.4375,803.1875,6387,6387,6092.5,6092.5,29.79,29.79,37.82,37.82,9.8,9.8,15.95,15.95,12.4,12.4,4.52,4.52,3338.310000000056,9771,6247.824620092205,649.8050908627717,663.096923828125,631.96826171875,-30,525.2612407540535,521.9636091752486,374.769258621791,344.60944595822343,8.862353043743017,8969.986292492635,112.29178792780095,2751.2364530373043,9.035455703735352,42.875,60,60,60,60,0.800000011920929,0.800000011920929,1,0.800000011920929
2026-06-02,澳洲,澳洲,印尼,印尼,878.5625,868.8774999999441,828.375,863.625,6434,6434,6092.5,6092.5,30.49,30.49,37.82,37.82,10.2,10.2,15.95,15.95,11.88,11.88,4.52,4.52,3439.439999999944,9701,6266.002302700436,647.531268419817,660.7147827148438,638.9609375,-30,522.2239185680043,518.9203338623047,373.6093016833794,353.84474885844384,5.3066948882373275,9228.590569937278,103.75003618464501,1981.1099563564799,9.03515625,42.924808502197266,60,60,60,60,0.6000000238418579,0.6000000238418579,1,0.6000000238418579
2026-06-03,澳洲,澳洲,印尼,印尼,863.125,818.1850000000559,865.25,879.8125,6434,6434,6092.5,6092.5,30.49,30.49,37.82,37.82,10.2,10.2,15.95,15.95,11.88,11.88,4.52,4.52,3426.372500000056,9712,6260.072955071292,646.5531766067076,656.0997924804688,637.69921875,-30,517.0950400950903,513.7954983933273,373.25146491141646,352.6478450805279,7.172835785194573,9183.06660217849,100.12340770645311,1059.1203875319657,8.97265625,42.875,60,60,60,60,1.5,1.5,1,1.5
2026-06-04,澳洲,澳洲,印尼,印尼,885.9375,821.0024999999441,849.3125,869.75,6434,6434,6070,6070,30.49,30.49,37.46,37.46,10.2,10.2,15.9,15.9,11.88,11.88,4.78,4.78,3426.002499999944,9723,6251.356014772316,648.4096368267712,660.1715087890625,636.3008422851562,-30,516.6833521807009,513.3953788402075,373.4596839109704,352.7226529415561,7.044387297491301,9177.161233086095,97.62721951943543,1202.8055868550573,8.937714576721191,42.66193771362305,60,60,60,60,1.2000000476837158,1.2000000476837158,1,1.2000000476837158
2026-06-05,澳洲,澳洲,印尼,印尼,862.5625,835.8774999999441,878.75,875.5625,6434,6434,6070,6070,30.49,30.49,37.46,37.46,10.2,10.2,15.9,15.9,11.88,11.88,4.78,4.78,3452.752499999944,9676,6249.054872887642,646.7814537106877,660.4461059570312,611.2457275390625,-29.04642339820608,516.0551393090225,512.7346619396675,372.7308959284273,355.9962049335827,6.694367041590033,9267.584320201433,99.21496071149399,1400.6054123669137,8.437090873718262,41.4375,60,60,60,60,1,1,1,1.2999999523162842
2026-06-06,澳洲,澳洲,印尼,印尼,844.625,874.8175000000047,870.375,859.375,6434,6434,6070,6070,30.49,30.49,37.46,37.46,10.2,10.2,15.9,15.9,11.88,11.88,4.78,4.78,3449.1925000000047,9746,6251.456114728303,648.5963224523208,659.48046875,636.63671875,-30,516.7432776745037,513.4137785376572,373.3713841068242,353.38213286485814,6.130466871900719,9200.991068825568,100.69103837277567,1100.9600995015146,7.824790000915527,40.40625,60,60,60,60,1.100000023841858,0.8999999761581421,1,1.399999976158142
2026-06-08,澳洲,澳洲,印尼,印尼,845.125,810.4375,895.75,858.9375,6434,6434,6115,6115,30.49,30.49,38.18,38.18,10.2,10.2,16,16,11.88,11.88,4.25,4.25,3410.25,9747,6269.863847958361,649.9003747027854,657.8792724609375,639.82421875,-30,522.2651526542038,518.8585446309091,373.6242891975623,352.00429491768074,8.282261604830813,9181.28565861912,102.6815098087962,1421.1511658120842,7.9498772621154785,40.53693771362305,60,60,60,60,1.2000000476837158,1.2000000476837158,1,1.2000000476837158
2026-06-09,澳洲,澳洲,印尼,印尼,870.75,823.1224999999395,884.25,834.875,6434,6434,6092.5,6092.5,30.49,30.49,37.82,37.82,10.2,10.2,15.95,15.95,11.88,11.88,4.52,4.52,3412.9974999999395,9762,6261.986634182999,649.9710381939587,658.216552734375,641.943115234375,-30,518.306656594287,515.2276707719964,371.7944719606387,352.5692417461205,5.8893341743608065,9190.849018930945,104.08706001907653,1352.3471939695912,7.796875,40.25,60,60,60,60,1,1,1,1
2026-06-10,澳洲,澳洲,印尼,印尼,870.125,840.7550000000047,882.625,859.0625,6434,6434,6115,6115,30.49,30.49,38.18,38.18,10.2,10.2,16,16,11.88,11.88,4.25,4.25,3452.5675000000047,9749,6273.076770403476,649.8614037555197,656.6055297851562,627.270263671875,-30,516.8711017684767,513.582194023425,373.5787234084305,354.62333441663986,6.520476787599545,9266.441706680542,103.9831811266305,970.3604669930401,8.01171875,40.59375,60,60,60,60,1.2000000476837158,1.2000000476837158,1,1.2000000476837158
2026-06-11,澳洲,澳洲,印尼,印尼,907,789.0025000000605,901.625,854.875,6434,6434,6115,6115,30.49,30.49,38.18,38.18,10.2,10.2,16,16,11.88,11.88,4.25,4.25,3452.5025000000605,9669,6271.705113899268,643.2035250846687,659.6967163085938,625.154541015625,-30,516.707496355484,513.9959512305686,372.0925375521844,354.2416292716645,6.4074280041077625,9249.95156956449,107.07754865083885,652.2853394231353,7.8871026039123535,40.40625,60,60,60,60,1,1,1,1
2026-06-12,澳洲,澳洲,印尼,印尼,845.125,807.9974999999395,900.875,873.875,6434,6434,6115,6115,30.49,30.49,38.18,38.18,10.2,10.2,16,16,11.88,11.88,4.25,4.25,3427.8724999999395,9681,6268.8406336583375,646.4107513817985,659.674072265625,634.341796875,-30,520.8652418859782,517.6540109775865,372.0507536420801,354.5615641142967,6.185851285346735,9259.82022309935,107.28780045266161,886.7633043107331,7.921875,40.537025451660156,60,60,60,60,1.2000000476837158,1.2000000476837158,1,1.2000000476837158
2026-06-13,澳洲,澳洲,印尼,印尼,833.125,810,875.625,876.6875,6434,6434,6115,6115,30.49,30.49,38.18,38.18,10.2,10.2,16,16,11.88,11.88,4.25,4.25,3395.4375,9700,6269.370938943804,646.9376705394071,655.5594482421875,637.9063110351562,-30,521.8025888920888,518.474428103708,370.9276013088861,352.6517133141512,6.794649263953805,8976.205222861628,110.42577147219504,1263.6306229652691,8.01171875,40.60654067993164,60,60,60,60,1.2999999523162842,1,1,1.2999999523162842
2026-06-15,澳洲,澳洲,印尼,印尼,839,775.6300000000047,905.4375,887.9375,6434,6434,6115,6115,30.49,30.49,38.18,38.18,10.2,10.2,16,16,11.88,11.88,4.25,4.25,3408.0050000000047,9673,6266.134452560957,644.1741815357257,659.9054565429688,616.9729614257812,-30,518.363585816783,515.5458135580468,369.27597658279996,351.9768127333467,7.904382668175887,9107.075473719797,102.48589983853427,1895.3208800186867,7.859375,40.400634765625,60,60,60,60,1.5,1.2000000476837158,1,1.5
2026-06-16,澳洲,澳洲,印尼,印尼,889.25,797.5050000000047,860.75,878.3125,6434,6434,6115,6115,30.49,30.49,38.18,38.18,10.2,10.2,16,16,11.88,11.88,4.25,4.25,3425.8175000000047,9727,6272.06465537058,649.7778007331711,659.28125,643.443359375,-30,518.3999875696694,515.3405694985938,370.53446858949513,353.2934952978059,8.06883893702203,9165.294179877232,106.19030680518986,1559.572602705522,7.859997272491455,40.4375,60,60,60,60,1.2000000476837158,1.2000000476837158,1,1.2000000476837158
2026-06-17,澳洲,澳洲,印尼,印尼,873.125,800.875,864.0625,871.625,6434,6434,6115,6115,30.49,30.49,38.18,38.18,10.2,10.2,16,16,11.88,11.88,4.25,4.25,3409.6875,9729,6271.614352488315,646.7325483941667,660.7421875,639.2898559570312,-30,522.0338765417129,518.7766304503926,371.60810402068756,348.9556220718376,5.053335089670748,9049.147944429984,97.52468577721166,2290.028474507469,7.859194278717041,40.36215591430664,60,60,60,60,1,1,1,1
2026-06-18,澳洲,澳洲,印尼,印尼,861.3125,792,865.75,878.9375,6434,6434,6115,6115,30.49,30.49,38.18,38.18,10.2,10.2,16,16,11.88,11.88,4.25,4.25,3398,9718,6270.210914508534,648.950516488546,660.7282104492188,641.6195678710938,-30,518.1669897853403,514.387399034427,372.16493428097067,349.5300874559457,5.813487792073266,9105.79958507375,97.53069058437305,2195.9195623799596,8.011396408081055,40.71875,60,60,60,60,1.2999999523162842,1.2999999523162842,1,1.2999999523162842
2026-06-19,澳洲,澳洲,印尼,印尼,830.75,824.9349999999395,856,886.75,6434,6434,5862,5862,30.49,30.49,38.6,38.6,10.2,10.2,15.8,15.8,11.88,11.88,8.16,8.16,3398.4349999999395,9220,6140.672924449043,629.6091328496518,659.2882690429688,462.2901306152344,-29.37741332255023,515.2767973770852,512.0375407187225,368.66817188474397,370.04306323117345,4.977155555871008,9401.640969845572,104.10572836087178,836.1776678842346,8.046875,40.66197204589844,60,60,60,60,1.5,1.5,1,1.5
2026-06-22,澳洲,澳洲,印尼,印尼,947.0625,837.9375,859.3125,864.25,6434,6434,5862,5862,30.49,30.49,38.6,38.6,10.2,10.2,15.8,15.8,11.88,11.88,8.16,8.16,3508.5625,9570,6153.008069544151,640.2904841040101,660.2166137695312,614.65625,-29.996676654350466,516.3486599467547,513.3329345234824,372.86776885648,361.2448078064218,7.333174696624111,9257.647103448275,100.10625137193769,2511.7295894073013,7.3359375,39.32546615600586,60,60,60,60,1.2999999523162842,1.2999999523162842,1,1.2999999523162842
2026-06-23,澳洲,澳洲,印尼,印尼,915.1875,840.4400000000605,874.4375,877.375,6434,6434,5862,5862,30.49,30.49,38.6,38.6,10.2,10.2,15.8,15.8,11.88,11.88,8.16,8.16,3507.4400000000605,9590,6148.311078735493,636.5723782512538,666.2715454101562,599.4595336914062,-29.184073467212347,515.3438190874663,512.3109055150805,371.69215237433525,366.16680929498125,4.1535895837612316,9371.854145358544,95.7795736139471,2403.479914375525,7.734375,40.23149871826172,60,60,60,60,1.2999999523162842,1.2999999523162842,1,1.2999999523162842
2026-06-24,澳洲,澳洲,印尼,印尼,963.25,880.5599999999395,858.25,890.9375,6434,6434,5862,5862,30.49,30.49,38.6,38.6,10.2,10.2,15.8,15.8,11.88,11.88,8.16,8.16,3592.9974999999395,9618,6155.531882502001,642.1567411691027,660.4261474609375,618.9090576171875,-30,515.5377172905696,512.2547832596332,373.3950385793614,368.4439779585371,4.015101598254239,9452.786204235004,93.51853496272389,2547.30317214323,7.636509418487549,39.84375,60,60,60,60,1.2999999523162842,1.2999999523162842,1,1.2999999523162842
2026-06-25,俄羅斯,俄羅斯,印尼,印尼,1016.25,868.2475000000559,847.1875,908.5625,6397,6397,5862,5862,30.55,30.55,38.6,38.6,7.2,7.2,15.8,15.8,12.09,12.09,8.16,8.16,3640.247500000056,9507,6138.96088315424,631.4881767409537,659.6779174804688,609.994140625,-16.829709454280575,497.6459020711895,493.4225159081657,370.7441410986653,381.4603698811133,4.315302361230038,9729.538925256373,91.99223033287572,2470.1334953561854,8.04720401763916,40.96875,60,60,60,60,1.2000000476837158,1.2000000476837158,1,1.2000000476837158
2026-06-26,俄羅斯,澳洲,俄羅斯,印尼,991.9375,808.4399999999441,858.6875,851.625,6397,6283,6397,5862,30.55,26.33,30.55,38.6,7.2,9.6,7.2,15.8,12.09,13.35,12.09,8.16,3510.689999999944,9472,6240.967557659605,632.5409532629925,651.5924072265625,614.6574096679688,-9.427600319792585,497.4729819963882,494.5318551222077,368.530494267026,367.9437143236389,4.246024641913369,9603.479111322084,91.37686545462937,2605.213930658649,7.921875,40.387813568115234,60,60,60,60,1.5,1.5,1,1.5
2026-06-27,俄羅斯,澳洲,俄羅斯,印尼,974,798.2475000000559,880.5,890.5,6397,6283,6397,5862,30.55,26.33,30.55,38.6,7.2,9.6,7.2,15.8,12.09,13.35,12.09,8.16,3543.247500000056,9479,6236.859418513666,631.6037180088365,643.4400634765625,617.8469848632812,-14.140591967132298,500.6423867980551,498.34507084136726,366.870413837306,370.47631683694146,3.8458030337931923,9758.321662420156,91.34329448623826,3387.240224495695,8.323990821838379,41.24435806274414,60,60,60,60,1.5,1.5,1,1.5
2026-06-29,俄羅斯,澳洲,俄羅斯,印尼,927.875,870.2524999999441,850.625,797.1875,6397,6283,6397,5862,30.55,26.33,30.55,38.6,7.2,9.6,7.2,15.8,12.09,13.35,12.09,8.16,3445.939999999944,9563,6244.442469253672,640.8232896419437,650.3406372070312,631.419189453125,-10.586980713973288,506.6757168653535,504.45439467954515,370.5797968354828,361.6477802959568,4.422098352525886,9428.5336672896,99.04226699795268,1908.5546214236917,8.66015625,42.10650634765625,60,60,60,60,1.399999976158142,1.399999976158142,1,1.399999976158142
2026-06-30,澳洲,澳洲,俄羅斯,印尼,864.625,781.1925000000047,886.875,791.875,6283,6283,6398,5862,26.33,26.33,30.55,38.6,9.6,9.6,7.2,15.8,13.35,13.35,12.09,8.16,3324.5675000000047,9582,6213.400345308074,640.0042993882123,651.611328125,632.4754028320312,-21.657949221372075,516.4025318289544,513.6493698861593,372.17279543316283,344.4921430959548,0,8953.889965587437,109.43659166221872,1029.3074563443,8.171247482299805,41.13775634765625,60,60,60,60,1.5,1.5,1,1.5
2026-07-01,澳洲,澳洲,俄羅斯,印尼,923.375,785.5625,857.8125,767.625,6283,6283,6397,5862,26.33,26.33,30.55,38.6,9.6,9.6,7.2,15.8,13.35,13.35,12.09,8.16,3334.375,9641,6215.407272727272,642.783831428079,652.0370483398438,631.67041015625,-30,514.5806437151924,511.2996980113095,372.67768748213604,344.40985160488987,4.521650673137895,8937.008990717135,98.21888854709803,1448.1789158992387,8.046043395996094,40.731605529785156,60,60,60,60,1.5,1.5,1.5,1.5
2026-07-02,南非,南非,俄羅斯,印尼,924.4375,816.5625,826.4375,781.875,6216,6216,6397,5862,26.86,26.86,30.55,38.6,8,8,7.2,15.8,13.43,13.43,12.09,8.16,3349.3125,9655,6178.022485957939,642.9662033822531,659.6768188476562,625.380859375,-30,515.969762527229,512.6049994830282,372.20020461663967,348.7378783907745,4.205805516171589,9014.004668817981,97.84242793250243,1346.9694078195914,8.109025001525879,40.875,60,60,60,60,1.5,1.5,1.5,1.5
2026-07-03,南非,南非,俄羅斯,印尼,898.5,808.1875,807.4375,780,6216,6216,6397,5862,26.86,26.86,30.55,38.6,8,8,7.2,15.8,13.43,13.43,12.09,8.16,3294.125,9644,6176.543752134482,640.7560484903242,656.272216796875,627.266845703125,-30,515.195247472522,511.8669153454563,371.5690999845179,343.73555247341653,4.937674251740098,8909.965062545405,100.17440626732261,1449.8286432913296,7.984375,40.6875,60,60,60,60,1.5,1.5,1.5,1.5
2026-07-04,南非,南非,俄羅斯,印尼,746.9375,816.5625,834.5625,819.1875,6216,6216,6397,5862,26.86,26.86,30.55,38.6,8,8,7.2,15.8,13.43,13.43,12.09,8.16,3217.25,9198,6172.815117724765,609.3143599332141,668.8414916992188,505.6640625,-25.14797465288454,514.622706343488,511.2559478827432,365.96567327325994,347.9327349668965,5.244195381645087,9015.185655689033,108.33336761203944,2166.7857189728256,7.859663009643555,40.4375,60,60,60,60,1.5,1.5,1.5,1.5
2026-07-06,南非,南非,俄羅斯,印尼,905.0625,801.3125,803.9375,837.5,6216,6216,6397,5862,26.86,26.86,30.55,38.6,8,8,7.2,15.8,13.43,13.43,12.09,8.16,3347.8125,9592,6170.907178194717,639.087184193799,649.810546875,621.9490966796875,-7.855296232219281,510.0999729469452,506.75385012066283,369.8551534580814,351.05344975854996,4.8689771882723,9090.941875934379,105.29160936444403,2083.925654375368,8.296875,41.474632263183594,60,60,60,60,1.5,1.5,1.5,1.5
2026-07-07,南非,南非,俄羅斯,印尼,909.0625,800.6875,837.25,836.4375,6216,6216,6397,5862,26.86,26.86,30.55,38.6,8,8,7.2,15.8,13.43,13.43,12.09,8.16,3383.4375,9698,6173.2752193590095,646.8616759941706,659.9157104492188,633.5552368164062,-11.472012482831325,514.6193702850004,511.3121000911603,371.99450649760513,350.5065359477124,4.501556854182268,9080.113074052286,111.62640182934949,1840.8122956134264,8.108875274658203,40.6875,60,60,60,60,1.5,1.5,1.5,1.5
2026-07-08,南非,南非,俄羅斯,印尼,933.3125,834.875,790.8125,833.0625,6216,6216,6397,5862,26.86,26.86,30.55,38.6,8,8,7.2,15.8,13.43,13.43,12.09,8.16,3392.0625,9684,6171.258176257071,640.6911204306366,661.4800415039062,583.720458984375,-13.681691681466452,513.8865700529315,510.5579708463072,369.9163336716799,350.53531792662227,4.328970801318664,9082.246056665363,117.12515014919404,2282.6509112169897,8.437262535095215,41.5,60,60,60,60,1.5,1.5,1.5,1.5
2026-07-09,南非,南非,俄羅斯,印尼,936.625,820.4375,751.25,819.25,6216,6216,6397,5862,26.86,26.86,30.55,38.6,8,8,7.2,15.8,13.43,13.43,12.09,8.16,3327.5625,9418,6169.708382637441,629.2802106071921,662.0357055664062,583.9489135742188,-17.77849252789618,512.2448012189167,508.9819559913517,368.618896484375,355.25701713447563,4.681391313676043,9245.45881292086,113.51166522582196,2270.309379966719,7.948639869689941,40.65625,60,60,60,60,1.5,1.5,1.5,1.5
2026-07-10,南非,南非,俄羅斯,俄羅斯,927.3125,810.625,844.0625,830.4375,6216,6216,6397,6397,26.86,26.86,30.55,30.55,8,8,7.2,7.2,13.43,13.43,12.09,12.09,3412.4375,9735,6304.817597391893,648.6344676298254,661.4940185546875,633.8030395507812,-19.6979322031702,511.2083316980603,507.94315011644045,370.7972053477082,348.5740471629566,,9193.509363101923,110.0286482495902,2386.2888282048466,8.437919616699219,41.75,60,60,60,60,1.5,1.5,1.5,1.5
2026-07-11,南非,南非,俄羅斯,俄羅斯,873.25,783.5,815.5625,858.4375,6216,6216,6397,6397,26.86,26.86,30.55,30.55,8,8,7.2,7.2,13.43,13.43,12.09,12.09,3330.75,9579,6306.968700743076,645.9326982815247,657.15625,550.673828125,-26.90987641848376,511.83439047532175,508.55648857844113,369.9660165114308,346.3990411339633,,9017.41061172874,100.18819829259903,2532.045167994869,8.6599760055542,42.04399108886719,60,60,60,60,1.5,1.5,1.5,1.5
2026-07-13,南非,南非,印尼,印尼,933.125,835.5625,835.5,820,6216,6216,5862,5862,26.86,26.86,38.6,38.6,8,8,15.8,15.8,13.43,13.43,8.16,8.16,3424.1875,9412,6044.850785770347,629.3826565559563,661.7823486328125,602.0974731445312,-20.70325183815544,519.0100902887247,515.6123423100576,374.1000796231356,361.8506819093462,4.709243693075754,9154.081482350583,115.10279830120619,1099.7185375695747,8.597286224365234,42.08088302612305,60,60,60,60,1.5,1.5,1.5,1.5
2026-07-14,南非,南非,印尼,印尼,911.3125,812.4375,856.75,825.75,6216,6216,5862,5862,26.86,26.86,38.6,38.6,8,8,15.8,15.8,13.43,13.43,8.16,8.16,3406.25,9484,6041.143486238532,630.2121467297644,649.797607421875,592.3646240234375,-17.672862154681507,515.4808177398208,512.0896329012784,374.0655256047217,362.3756631299735,5.683149097300239,9121.309327387267,107.99508988407922,1262.025723324118,8.296875,41.36201858520508,60,60,60,60,0.800000011920929,0.800000011920929,0.800000011920929,0.800000011920929
2026-07-15,澳洲,澳洲,印尼,印尼,849.9375,799.5625,890.4375,875.625,6174,6174,5862,5862,26.53,26.53,38.6,38.6,11.1,11.1,15.8,15.8,13.13,13.13,8.16,8.16,3415.5625,9543,6012.676206334974,635.3630245433134,646.8045043945312,620.9046630859375,-30,518.067711536213,514.6865808525001,373.8939036773208,356.6698593037849,7.814490470100373,8950.12437443028,103.98819779186714,1099.9475534189567,8.41015625,41.71307373046875,60,60,60,60,1.2000000476837158,1.2000000476837158,1.2000000476837158,1.2000000476837158
2026-07-16,澳洲,澳洲,印尼,印尼,823.375,804.4375,926.625,890.625,6174,6174,5862,5862,26.53,26.53,38.6,38.6,11.1,11.1,15.8,15.8,13.13,13.13,8.16,8.16,3445.0625,9574,6009.421853739954,638.8454042712746,653.421875,616.9715576171875,-25.765874764871704,516.6024234205022,513.16863973072,372.99504278821587,359.4563426688633,9.941954305109547,9006.162945700165,102.84236556939169,1764.6347081677084,8.07470703125,40.78673553466797,60,60,60,60,0.800000011920929,0.800000011920929,0.800000011920929,0.800000011920929
2026-07-17,澳洲,澳洲,印尼,印尼,781.875,714.5625,962.3125,891.5,6174,6174,6169,6169,26.53,26.53,38.08,38.08,11.1,11.1,16.14,16.14,13.13,13.13,4.84,4.84,3350.25,9653,6171.233322140139,644.3115982094689,656.28857421875,631.4566650390625,-26.669034194523373,519.4600298896332,516.0035810111103,374.25363693744805,344.2688586743365,11.57722829263464,8762.077457314681,102.70545796227296,1768.8339391061313,8.53515625,41.70018005371094,60,60,60,60,1.2000000476837158,1.2000000476837158,1.2000000476837158,1.2000000476837158
2026-07-18,澳洲,澳洲,印尼,印尼,798.375,723.1875,907.5625,879.3125,6174,6174,6169,6169,26.53,26.53,38.08,38.08,11.1,11.1,16.14,16.14,13.13,13.13,4.84,4.84,3308.4375,9650,6171.299518277132,643.0374005017683,658.7474365234375,627.2734375,-25.00078010559082,521.9842862215909,518.5392361998294,374.2833295259666,342.5530347672363,15.438052068704664,8759.956225561447,105.37401581656378,3920.592625112597,8.72265625,42.257198333740234,60,60,60,60,0.800000011920929,0.800000011920929,0.800000011920929,0.800000011920929
2026-07-20,澳洲,澳洲,印尼,印尼,715.75,695.5625,963.8125,1011.875,6174,6174,6169,6169,26.53,26.53,38.08,38.08,11.1,11.1,16.14,16.14,13.13,13.13,4.84,4.84,3387,9639,6171.083425597874,642.8428315067536,659.6679077148438,632.205810546875,-30,517.8024006778015,514.2702683070282,376.2879872121198,352.05601907032184,8.537583804784422,9090.05578436631,110.36577119848417,2270.605231240689,9.0353422164917,42.793922424316406,60,60,60,60,1.100000023841858,1.100000023841858,1.100000023841858,1.100000023841858
2026-07-21,澳洲,澳洲,印尼,印尼,714.4375,694.875,997.6875,981.125,6174,6174,6169,6169,26.53,26.53,38.08,38.08,11.1,11.1,16.14,16.14,13.13,13.13,4.84,4.84,3388.125,9679,6171.079782327984,646.3621623241688,657.6968994140625,629.298828125,-30,516.8914101678886,513.3315243943039,379.1950787461782,344.26825239511066,4.507911562563601,8888.992091212422,129.1049417889039,1060.5746644859569,8.972397804260254,42.8125,60,60,50,50,1,1,1,1
2026-07-22,澳洲,澳洲,印尼,印尼,718.125,694.3125,987.4375,946.25,6174,6174,6169,6169,26.53,26.53,38.08,38.08,11.1,11.1,16.14,16.14,13.13,13.13,4.84,4.84,3346.125,9727,6171.11055698756,649.942898177125,661.2584228515625,638.76171875,-30,520.8013616253162,513.3315243943039,380.8133387258999,342.5085503814786,3.9446781740819405,8843.588333497764,134.47529356759827,969.2001227063773,9.03515625,42.956031799316406,60,60,70,70,1,1,1,1
2026-07-23,澳洲,澳洲,印尼,印尼,749,749.8125,953.5625,951,6174,6174,6169,6169,26.53,26.53,38.08,38.08,11.1,11.1,16.14,16.14,13.13,13.13,4.84,4.84,3403.375,9735,6171.201950269952,649.603496112482,660.7207641601562,638.76171875,-30,520.0428386273775,513.3315243943039,378.7581113489663,347.4501471068977,5.514362837594283,8971.425944949331,112.78987082673811,1907.2244945449997,9.22265625,43.2315673828125,60,60,70,70,0.800000011920929,0.800000011920929,0.800000011920929,0.800000011920929
2026-07-24,印尼+澳洲,印尼+澳洲,印尼+澳洲,印尼+澳洲,874.75,877.625,858.5,898.4375,6171.5,6171.5,6171.5,6171.5,32.31,32.31,32.31,32.31,13.62,13.62,13.62,13.62,8.99,8.99,8.99,8.99,3509.3125,9725,6171.5,649.996609114625,658.25537109375,642.4584350585938,-30,520.5439530941441,513.3315243943039,378.2583023037456,360.8290129938312,8.107381813866912,9317.16656544494,115.90096938477916,1863.9435362213203,8.972381591796875,42.84375,60,60,70,70,1.2999999523162842,1.2999999523162842,1.2999999523162842,1.2999999523162842
2026-07-25,印尼+澳洲,印尼+澳洲,印尼+澳洲,印尼+澳洲,864.625,881.625,883.8125,874.375,6171.5,6171.5,6171.5,6171.5,32.31,32.31,32.31,32.31,13.62,13.62,13.62,13.62,8.99,8.99,8.99,8.99,3504.4375,9761,6171.5,649.8675424717271,658.938720703125,626.4899291992188,-30,521.1958632035689,513.3315243943039,379.583095711245,360.16339869281046,5.947471241180439,9299.979368496734,115.04664879944795,2209.421980136778,9.061956405639648,43.0625,60,60,70,70,0.6000000238418579,0.6000000238418579,0.6000000238418579,0.6000000238418579
2026-07-27,印尼+澳洲,印尼+澳洲,印尼+澳洲,印尼+澳洲,874.75,891.125,912.5,893.5625,6171.5,6171.5,6171.5,6171.5,32.31,32.31,32.31,32.31,13.62,13.62,13.62,13.62,8.99,8.99,8.99,8.99,3571.9375,9737,6171.5,649.5277537470279,661.4968872070312,641.4207153320312,-24.442573739789808,525.2005212618876,513.3315243943039,377.25934886720916,367.9328621908127,7.417913274863011,9505.747814187607,96.44524486736289,2919.853447146532,8.938887596130371,42.643348693847656,60,60,70,70,1.399999976158142,1.399999976158142,1.399999976158142,1.399999976158142
2026-07-28,印尼+澳洲,印尼+澳洲,印尼+澳洲,印尼+澳洲,874.125,895.875,903.875,916.4375,6192,6192,6192,6192,32.33,32.33,32.33,32.33,13.15,13.15,13.15,13.15,8.64,8.64,8.64,8.64,3590.3125,9741,6192,649.1899986950028,657.8843383789062,635.3822631835938,-29.998893084388616,523.4056452309213,513.3315243943039,377.29070476523526,370.2687296416938,4.172792781505113,9586.208743391857,91.0356933948999,1874.0683221584413,9.125,43.0625,60,60,70,70,1.5,1.5,1.5,1.399999976158142
2026-07-29,印尼+澳洲,印尼+澳洲,印尼+澳洲,印尼+澳洲,,,,,,,,,,,,,,,,,,,,,,, ,,,,,,,,,,,,,,,,,,,,,,
